order_id,date,category,product,region,salesperson,quantity,unit_price,discount_pct,payment_method,customer_age,rating,revenue
10001,2022-01-01 00:00:00,Toys,Product_139,Central,Agent_15,23,422.62,11.9,Credit Card,69.0,1.0,8563.55
10002,2022-01-01 08:00:00,Books,Product_400,Central,Agent_03,15,101.5,0.8,PayPal,39.0,1.2,1510.32
10003,2022-01-01 16:00:00,Sports,Product_323,North,Agent_10,13,414.3,10.1,Cash,64.0,1.8,4841.92
10004,2022-01-02 00:00:00,Toys,Product_417,South,Agent_11,23,283.51,29.3,Cash,54.0,1.7,4610.16
10005,2022-01-02 08:00:00,Food,Product_448,,Agent_11,17,382.28,26.2,Credit Card,73.0,2.0,4796.08
10006,2022-01-02 16:00:00,Sports,Product_214,North,Agent_01,48,358.24,9.9,Cash,47.0,2.2,15493.16
10007,2022-01-03 00:00:00,Sports,Product_797,North,Agent_04,2,107.72,17.6,PayPal,63.0,2.4,177.52
10008,2022-01-03 08:00:00,Toys,Product_422,Central,Agent_15,20,286.56,25.4,Credit Card,29.0,2.7,4275.48
10009,2022-01-03 16:00:00,Clothing,Product_667,North,Agent_04,20,434.52,13.2,Bank Transfer,46.0,1.4,7543.27
10010,2022-01-04 00:00:00,Food,Product_139,North,Agent_01,46,218.9,0.5,Credit Card,38.0,1.2,10019.05
10011,2022-01-04 08:00:00,Toys,Product_965,North,Agent_09,3,483.46,2.2,Credit Card,28.0,3.7,1418.47
10012,2022-01-04 16:00:00,Food,Product_139,Central,Agent_03,12,228.85,15.3,Bank Transfer,54.0,3.1,2326.03
10013,2022-01-05 00:00:00,Food,Product_958,East,Agent_05,40,75.68,29.1,PayPal,65.0,2.8,2146.28
10014,2022-01-05 08:00:00,Sports,Product_848,East,Agent_06,2,197.77,20.8,Debit Card,35.0,3.5,313.27
10015,2022-01-05 16:00:00,Books,Product_388,North,Agent_08,36,476.09,2.1,Debit Card,61.0,4.3,16779.32
10016,2022-01-06 00:00:00,Food,Product_361,Central,Agent_06,14,163.26,5.7,Bank Transfer,44.0,2.7,2155.36
10017,2022-01-06 08:00:00,Home,Product_315,East,Agent_03,16,434.71,23.1,PayPal,54.0,3.6,5348.67
10018,2022-01-06 16:00:00,Sports,Product_246,East,Agent_06,19,441.22,25.2,Cash,65.0,4.8,6270.62
10019,2022-01-07 00:00:00,Clothing,Product_435,East,Agent_01,34,178.34,,Bank Transfer,29.0,4.4,4941.8
10020,2022-01-07 08:00:00,Books,Product_267,Central,Agent_04,44,46.21,19.3,Debit Card,40.0,,1640.82
10021,2022-01-07 16:00:00,Home,Product_191,Central,Agent_06,46,363.66,0.9,PayPal,51.0,3.6,16577.8
10022,2022-01-08 00:00:00,Home,Product_452,North,Agent_07,6,159.2,,Credit Card,55.0,1.7,717.36
10023,2022-01-08 08:00:00,Clothing,Product_670,West,Agent_11,13,392.55,23.6,PayPal,40.0,3.2,3898.81
10024,2022-01-08 16:00:00,Books,Product_670,East,Agent_13,36,224.11,7.8,PayPal,70.0,4.9,7438.66
10025,2022-01-09 00:00:00,Sports,Product_915,West,Agent_11,22,245.21,21.3,Debit Card,42.0,3.1,4245.57
10026,2022-01-09 08:00:00,Electronics,Product_780,Central,Agent_10,18,390.07,6.4,Debit Card,21.0,4.7,6571.9
10027,2022-01-09 16:00:00,Books,Product_880,Central,Agent_03,12,194.27,1.2,Cash,47.0,2.6,2303.27
10028,2022-01-10 00:00:00,Clothing,Product_462,Central,Agent_09,30,224.35,6.0,Cash,47.0,5.0,6326.67
10029,2022-01-10 08:00:00,Home,Product_656,West,Agent_12,40,191.21,5.4,Bank Transfer,30.0,3.3,7235.39
10030,2022-01-10 16:00:00,Sports,Product_444,Central,Agent_12,7,186.83,10.1,Credit Card,59.0,1.2,1175.72
10031,2022-01-11 00:00:00,Books,Product_792,North,Agent_07,32,265.34,12.6,Cash,66.0,3.3,7421.03
10032,2022-01-11 08:00:00,Electronics,Product_269,Central,Agent_14,48,405.36,15.3,Debit Card,31.0,,16480.32
10033,2022-01-11 16:00:00,Electronics,Product_455,South,Agent_01,19,184.08,14.3,PayPal,73.0,1.1,2997.37
10034,2022-01-12 00:00:00,FOOD,Product_290,West,Agent_02,6,264.51,8.1,Bank Transfer,64.0,4.3,1458.51
10035,2022-01-12 08:00:00,Food,Product_766,South,Agent_01,20,337.01,0.9,Cash,25.0,2.1,6679.54
10036,2022-01-12 16:00:00,Toys,Product_521,Central,Agent_11,27,138.37,18.2,PayPal,72.0,4.2,3056.04
10037,2022-01-13 00:00:00,Clothing,Product_799,North,Agent_09,43,142.37,11.9,PayPal,41.0,2.2,5393.4
10038,2022-01-13 08:00:00,Books,Product_106,East,Agent_09,37,467.04,9.0,Cash,35.0,1.8,15725.24
10039,2022-01-13 16:00:00,Books,Product_232,Central,Agent_07,48,363.15,,Credit Card,52.0,4.9,12899.09
10040,2022-01-14 00:00:00,Toys,Product_846,North,Agent_10,7,290.71,22.4,Credit Card,42.0,2.4,1579.14
10041,2022-01-14 08:00:00,Home,Product_656,West,Agent_03,5,325.62,25.7,Bank Transfer,34.0,3.4,1209.68
10042,2022-01-14 16:00:00,Home,Product_925,South,Agent_13,11,19.5,14.8,Credit Card,49.0,3.4,182.75
10043,2022-01-15 00:00:00,Toys,Product_860,South,Agent_15,15,310.96,3.9,Bank Transfer,73.0,3.2,4482.49
10044,2022-01-15 08:00:00,Home,Product_130,South,Agent_05,3,257.21,20.9,Debit Card,41.0,4.7,610.36
10045,2022-01-15 16:00:00,Food,Product_634,West,Agent_15,5,275.15,6.2,Cash,24.0,3.7,1290.45
10046,2022-01-16 00:00:00,Books,Product_525,North,Agent_04,23,182.91,13.2,PayPal,30.0,2.6,3651.62
10047,2022-01-16 08:00:00,Toys,Product_493,West,Agent_07,37,45.33,2.0,Bank Transfer,44.0,4.4,1643.67
10048,2022-01-16 16:00:00,Books,Product_771,South,Agent_14,9,100.7,24.8,Credit Card,65.0,1.7,681.54
10049,2022-01-17 00:00:00,Electronics,Product_462,Central,Agent_09,15,475.62,3.8,Bank Transfer,22.0,,6863.2
10050,2022-01-17 08:00:00,Food,Product_536,East,Agent_12,3,207.31,27.1,Bank Transfer,53.0,4.8,453.39
10051,2022-01-17 16:00:00,Sports,Product_769,West,Agent_02,29,236.01,25.9,Credit Card,43.0,3.5,5071.62
10052,2022-01-18 00:00:00,Food,Product_650,West,Agent_13,6,31.09,13.9,Credit Card,59.0,4.3,160.61
10053,2022-01-18 08:00:00,Toys,Product_181,North,Agent_08,17,23.6,22.3,Cash,62.0,,311.73
10054,2022-01-18 16:00:00,Sports,Product_455,North,Agent_15,26,360.0,18.6,PayPal,48.0,4.4,7619.04
10055,2022-01-19 00:00:00,Electronics,Product_357,West,Agent_09,21,271.36,24.1,Cash,27.0,4.8,4325.21
10056,2022-01-19 08:00:00,Toys,Product_817,South,Agent_10,8,256.81,13.0,Cash,63.0,2.1,1787.4
10057,2022-01-19 16:00:00,Clothing,Product_688,,Agent_14,21,125.35,23.6,Credit Card,43.0,1.7,2011.12
10058,2022-01-20 00:00:00,Books,Product_623,North,Agent_10,11,373.65,13.9,Credit Card,39.0,2.9,3538.84
10059,2022-01-20 08:00:00,Electronics,Product_394,South,Agent_09,38,88.28,28.2,PayPal,29.0,3.8,2408.63
10060,2022-01-20 16:00:00,Books,Product_323,Central,Agent_14,8,99.02,14.6,Bank Transfer,49.0,1.9,676.5
10061,2022-01-21 00:00:00,Home,Product_624,,Agent_10,42,233.05,13.9,Cash,44.0,1.0,8427.55
10062,2022-01-21 08:00:00,Clothing,Product_145,South,Agent_14,24,146.71,23.6,PayPal,,2.4,2690.07
10063,2022-01-21 16:00:00,Clothing,Product_766,South,Agent_07,35,127.49,24.6,Cash,70.0,4.9,3364.46
10064,2022-01-22 00:00:00,Electronics,Product_212,East,Agent_15,14,324.39,16.6,Bank Transfer,,,3787.58
10065,2022-01-22 08:00:00,Clothing,Product_332,East,Agent_09,14,327.23,5.4,Cash,37.0,2.6,4333.83
10066,2022-01-22 16:00:00,Sports,Product_116,Central,Agent_09,10,413.14,14.0,Debit Card,56.0,1.8,3553.0
10067,2022-01-23 00:00:00,Clothing,Product_459,,Agent_14,12,211.77,29.0,PayPal,58.0,2.4,1804.28
10068,2022-01-23 08:00:00,Books,Product_322,South,Agent_03,38,41.18,22.6,Credit Card,57.0,1.7,1211.19
10069,2022-01-23 16:00:00,Books,Product_965,East,Agent_04,44,140.46,24.3,Cash,,1.4,4678.44
10070,2022-01-24 00:00:00,Toys,Product_799,North,Agent_02,46,490.1,1.0,PayPal,31.0,4.6,22319.15
10071,2022-01-24 08:00:00,Books,Product_547,North,Agent_10,34,300.15,14.0,PayPal,61.0,5.0,8776.39
10072,2022-01-24 16:00:00,Toys,Product_955,West,Agent_03,41,356.32,19.4,Cash,57.0,1.7,11774.95
10073,2022-01-25 00:00:00,Books,Product_464,East,Agent_11,10,8.64,24.9,Credit Card,70.0,1.2,64.89
10074,2022-01-25 08:00:00,Sports,Product_774,West,Agent_11,17,261.51,1.5,Credit Card,39.0,2.3,4378.98
10075,2022-01-25 16:00:00,Toys,Product_425,East,Agent_05,17,23.58,25.6,Cash,35.0,2.8,298.24
10076,2022-01-26 00:00:00,Food,Product_566,Central,Agent_05,3,286.77,,PayPal,65.0,,718.36
10077,2022-01-26 08:00:00,Home,Product_513,South,Agent_06,31,460.78,5.9,Credit Card,46.0,2.2,13441.41
10078,2022-01-26 16:00:00,Electronics,Product_554,Central,Agent_13,1,484.37,9.5,Cash,60.0,1.8,438.35
10079,2022-01-27 00:00:00,Books,Product_685,East,Agent_07,12,272.57,8.5,Cash,33.0,4.1,2992.82
10080,2022-01-27 08:00:00,Clothing,Product_332,South,Agent_07,39,231.81,15.9,Cash,63.0,3.9,7603.14
10081,2022-01-27 16:00:00,Books,Product_323,North,Agent_01,4,472.78,1.6,PayPal,52.0,3.5,1860.86
10082,2022-01-28 00:00:00,Clothing,Product_930,North,Agent_14,42,338.44,4.8,Credit Card,70.0,2.5,13532.18
10083,2022-01-28 08:00:00,Home,Product_511,West,Agent_02,13,37.13,24.4,PayPal,51.0,4.6,364.91
10084,2022-01-28 16:00:00,Home,Product_671,East,Agent_12,34,235.53,4.0,Debit Card,20.0,4.9,7687.7
10085,2022-01-29 00:00:00,Home,Product_434,East,Agent_09,42,123.92,7.0,Credit Card,21.0,1.7,4840.32
10086,2022-01-29 08:00:00,Clothing,Product_321,North,Agent_10,21,237.55,13.6,PayPal,71.0,,4310.11
10087,2022-01-29 16:00:00,Books,Product_136,Central,Agent_02,22,230.46,15.5,Credit Card,22.0,3.1,4284.25
10088,2022-01-30 00:00:00,Home,Product_377,South,Agent_06,4,293.16,22.9,Debit Card,27.0,1.4,904.11
10089,2022-01-30 08:00:00,Sports,Product_295,Central,Agent_11,18,181.6,13.4,Bank Transfer,69.0,2.7,2830.78
10090,2022-01-30 16:00:00,Toys,Product_963,Central,Agent_11,5,86.31,23.7,Cash,46.0,3.3,329.27
10091,2022-01-31 00:00:00,Clothing,Product_583,North,Agent_01,19,254.34,18.6,PayPal,49.0,3.1,3933.62
10092,2022-01-31 08:00:00,Clothing,Product_341,North,Agent_03,2,415.95,3.4,Debit Card,48.0,2.3,803.62
10093,2022-01-31 16:00:00,Books,Product_423,North,Agent_02,12,333.69,4.7,Debit Card,19.0,3.2,3816.08
10094,2022-02-01 00:00:00,Clothing,Product_830,West,Agent_03,17,172.49,13.1,Credit Card,29.0,4.8,2548.19
10095,2022-02-01 08:00:00,Clothing,Product_291,Central,Agent_05,10,468.08,11.9,Credit Card,44.0,,4123.78
10096,2022-02-01 16:00:00,Home,Product_116,East,Agent_11,34,456.54,22.3,Cash,22.0,3.6,12060.87
10097,2022-02-02 00:00:00,Books,Product_623,South,Agent_10,6,108.63,17.4,Credit Card,54.0,1.2,538.37
10098,2022-02-02 08:00:00,Home,Product_500,West,Agent_06,8,24.51,11.6,PayPal,44.0,1.3,173.33
10099,2022-02-02 16:00:00,Toys,Product_985,,Agent_09,11,371.95,,PayPal,40.0,3.2,3882.79
10100,2022-02-03 00:00:00,Toys,Product_804,Central,Agent_12,12,414.67,,PayPal,50.0,1.4,4637.67
10101,2022-02-03 08:00:00,Home,Product_121,North,Agent_11,9,484.09,17.3,Bank Transfer,21.0,1.1,3603.08
10102,2022-02-03 16:00:00,Toys,Product_573,,Agent_15,2,445.47,12.7,PayPal,38.0,1.7,777.79
10103,2022-02-04 00:00:00,Books,Product_219,South,Agent_15,8,302.26,15.4,Credit Card,41.0,3.3,2045.7
10104,2022-02-04 08:00:00,Electronics,Product_309,West,Agent_10,11,267.38,5.1,Credit Card,61.0,3.8,2791.18
10105,2022-02-04 16:00:00,Home,Product_405,West,Agent_12,36,18.78,19.9,PayPal,48.0,,541.54
10106,2022-02-05 00:00:00,Sports,Product_369,South,Agent_12,10,127.09,25.6,Debit Card,61.0,3.7,945.55
10107,2022-02-05 08:00:00,Sports,Product_803,East,Agent_13,21,232.51,7.7,Debit Card,65.0,1.7,4506.74
10108,2022-02-05 16:00:00,Clothing,Product_786,East,Agent_04,20,316.11,14.7,Debit Card,41.0,3.5,5392.84
10109,2022-02-06 00:00:00,Toys,Product_384,West,Agent_07,48,280.84,29.3,Cash,66.0,2.6,9530.59
10110,2022-02-06 08:00:00,Sports,Product_815,West,Agent_06,8,372.6,10.0,Bank Transfer,70.0,3.6,2682.72
10111,2022-02-06 16:00:00,Clothing,Product_775,North,Agent_02,36,143.48,17.9,PayPal,27.0,5.0,4240.69
10112,2022-02-07 00:00:00,Electronics,Product_862,East,Agent_10,29,284.65,2.7,Cash,66.0,4.8,8031.97
10113,2022-02-07 08:00:00,Books,Product_326,South,Agent_11,42,48.63,18.2,Debit Card,66.0,,1670.73
10114,2022-02-07 16:00:00,Books,Product_480,East,Agent_11,12,209.76,2.7,PayPal,67.0,4.5,2449.16
10115,2022-02-08 00:00:00,Books,Product_559,North,Agent_11,14,376.33,28.8,Cash,19.0,1.3,3751.26
10116,2022-02-08 08:00:00,Sports,Product_106,West,Agent_15,48,348.23,21.5,Credit Card,48.0,4.8,13121.31
10117,2022-02-08 16:00:00,Electronics,Product_128,West,Agent_15,21,495.37,23.6,Debit Card,42.0,2.1,7947.72
10118,2022-02-09 00:00:00,Sports,Product_132,North,Agent_08,22,142.56,21.1,Cash,21.0,2.5,2474.56
10119,2022-02-09 08:00:00,Toys,Product_745,South,Agent_07,21,251.6,17.7,Credit Card,68.0,1.4,4348.4
10120,2022-02-09 16:00:00,Sports,Product_978,West,Agent_15,44,168.12,13.5,Debit Card,28.0,1.4,6398.65
10121,2022-02-10 00:00:00,Electronics,Product_178,Central,Agent_15,30,223.1,25.8,Bank Transfer,,,4966.21
10122,2022-02-10 08:00:00,Electronics,Product_558,West,Agent_07,39,429.19,28.7,Debit Card,,4.8,11934.49
10123,2022-02-10 16:00:00,Toys,Product_669,Central,Agent_14,20,343.68,15.0,Bank Transfer,19.0,3.4,5842.56
10124,2022-02-11 00:00:00,Electronics,Product_637,North,Agent_15,24,441.81,27.9,Bank Transfer,23.0,3.9,7645.08
10125,2022-02-11 08:00:00,Electronics,Product_581,North,Agent_08,23,105.74,17.5,Bank Transfer,26.0,4.0,2006.42
10126,2022-02-11 16:00:00,Books,Product_529,West,Agent_12,7,437.31,16.2,PayPal,22.0,2.1,2565.26
10127,2022-02-12 00:00:00,Toys,Product_837,East,Agent_12,9,34.58,,PayPal,37.0,1.2,268.89
10128,2022-02-12 08:00:00,Food,Product_384,Central,Agent_13,1,444.86,,Bank Transfer,46.0,1.0,416.83
10129,2022-02-12 16:00:00,Food,Product_615,South,Agent_14,26,167.89,0.1,Credit Card,38.0,2.4,4360.77
10130,2022-02-13 00:00:00,Electronics,Product_198,West,Agent_11,38,160.72,7.2,Bank Transfer,26.0,2.0,5667.63
10131,2022-02-13 08:00:00,Food,Product_496,South,Agent_01,38,258.48,15.3,Cash,45.0,1.2,8319.44
10132,2022-02-13 16:00:00,Food,Product_588,West,Agent_15,44,470.64,11.4,Bank Transfer,72.0,1.7,18347.43
10133,2022-02-14 00:00:00,Electronics,Product_138,East,Agent_13,22,28.65,13.5,PayPal,25.0,1.5,545.21
10134,2022-02-14 08:00:00,Food,Product_370,East,Agent_01,44,179.35,29.4,PayPal,48.0,4.7,5571.33
10135,2022-02-14 16:00:00,Sports,Product_986,East,Agent_08,10,429.0,10.5,Cash,,1.6,3839.55
10136,2022-02-15 00:00:00,Clothing,Product_896,East,Agent_04,6,201.05,13.6,Cash,44.0,3.2,1042.24
10137,2022-02-15 08:00:00,Toys,Product_256,North,Agent_05,17,103.58,,Debit Card,,3.4,1690.43
10138,2022-02-15 16:00:00,Clothing,Product_174,North,Agent_08,38,215.27,1.4,Credit Card,71.0,3.2,8065.74
10139,2022-02-16 00:00:00,Electronics,Product_983,Central,Agent_05,24,195.85,23.3,Credit Card,38.0,,3605.21
10140,2022-02-16 08:00:00,Books,Product_899,South,Agent_10,10,458.13,17.1,Credit Card,45.0,2.3,3797.9
10141,2022-02-16 16:00:00,Toys,Product_229,West,Agent_04,8,382.16,22.8,PayPal,40.0,1.2,2360.22
10142,2022-02-17 00:00:00,ELECTRONICS,Product_786,West,Agent_12,21,255.03,4.5,Credit Card,23.0,2.6,5114.63
10143,2022-02-17 08:00:00,Books,Product_183,North,Agent_06,6,494.24,17.2,Debit Card,20.0,1.8,2455.38
10144,2022-02-17 16:00:00,Clothing,Product_121,West,Agent_13,21,235.31,7.6,Debit Card,22.0,3.2,4565.96
10145,2022-02-18 00:00:00,Electronics,Product_558,North,Agent_15,39,33.83,6.8,Credit Card,26.0,,1229.65
10146,2022-02-18 08:00:00,Toys,Product_638,Central,Agent_12,24,134.83,0.3,Cash,24.0,3.1,3226.21
10147,2022-02-18 16:00:00,Toys,Product_806,South,Agent_05,33,220.85,3.9,Debit Card,21.0,2.7,7003.82
10148,2022-02-19 00:00:00,Home,Product_948,Central,Agent_14,18,82.67,9.3,Cash,56.0,2.5,1349.67
10149,2022-02-19 08:00:00,Sports,Product_481,East,Agent_07,28,474.04,3.5,PayPal,22.0,4.4,12808.56
10150,2022-02-19 16:00:00,Food,Product_847,East,Agent_14,32,384.59,29.6,Debit Card,28.0,1.9,8664.04
10151,2022-02-20 00:00:00,Books,Product_539,East,Agent_10,12,137.8,9.3,Cash,32.0,3.9,1499.82
10152,2022-02-20 08:00:00,Home,Product_703,Central,Agent_07,48,297.45,,Credit Card,51.0,4.0,13720.77
10153,2022-02-20 16:00:00,Food,Product_120,West,Agent_13,42,362.12,6.0,PayPal,30.0,2.7,14296.5
10154,2022-02-21 00:00:00,Food,Product_402,,Agent_04,27,470.93,17.6,Bank Transfer,71.0,2.2,10477.25
10155,2022-02-21 08:00:00,Electronics,Product_968,,Agent_12,10,441.41,1.9,Bank Transfer,65.0,2.9,4330.23
10156,2022-02-21 16:00:00,Food,Product_183,East,Agent_13,46,260.02,25.9,Credit Card,24.0,1.4,8863.04
10157,2022-02-22 00:00:00,Sports,Product_873,East,Agent_05,42,388.45,28.8,PayPal,57.0,1.2,11616.21
10158,2022-02-22 08:00:00,Toys,Product_758,,Agent_13,32,283.26,7.4,PayPal,23.0,1.4,8393.56
10159,2022-02-22 16:00:00,Home,Product_552,East,Agent_03,42,278.59,13.5,PayPal,,1.7,10121.17
10160,2022-02-23 00:00:00,Food,Product_486,South,Agent_15,26,61.8,0.7,PayPal,56.0,3.0,1595.55
10161,2022-02-23 08:00:00,Electronics,Product_606,East,Agent_04,25,67.44,19.2,Bank Transfer,67.0,4.4,1362.29
10162,2022-02-23 16:00:00,Sports,Product_356,Central,Agent_15,11,267.12,12.4,Cash,47.0,1.9,2573.97
10163,2022-02-24 00:00:00,Clothing,Product_669,Central,Agent_14,23,138.09,,PayPal,39.0,4.7,2918.81
10164,2022-02-24 08:00:00,Toys,Product_991,South,Agent_04,34,15.41,6.2,Cash,42.0,4.8,491.46
10165,2022-02-24 16:00:00,Toys,Product_626,Central,Agent_03,40,362.81,19.6,PayPal,45.0,4.8,11667.97
10166,2022-02-25 00:00:00,Home,Product_261,,Agent_13,23,21.08,12.5,Debit Card,71.0,4.4,424.23
10167,2022-02-25 08:00:00,Toys,Product_262,Central,Agent_10,29,299.66,5.4,Debit Card,37.0,2.5,8220.87
10168,2022-02-25 16:00:00,Food,Product_931,Central,Agent_05,31,271.9,20.7,Debit Card,56.0,1.3,6684.12
10169,2022-02-26 00:00:00,Electronics,Product_892,South,Agent_05,7,484.56,17.0,PayPal,20.0,3.3,2815.29
10170,2022-02-26 08:00:00,Toys,Product_891,West,Agent_11,40,244.69,25.8,Cash,22.0,3.2,7262.4
10171,2022-02-26 16:00:00,Toys,Product_623,Central,Agent_07,33,36.48,,Bank Transfer,18.0,4.4,1161.71
10172,2022-02-27 00:00:00,Clothing,Product_885,,Agent_04,21,278.09,23.6,Credit Card,,5.0,4461.68
10173,2022-02-27 08:00:00,Clothing,Product_370,West,Agent_13,2,421.34,20.2,Bank Transfer,43.0,3.0,672.46
10174,2022-02-27 16:00:00,Books,Product_591,South,Agent_04,18,498.44,3.5,PayPal,20.0,2.4,8657.9
10175,2022-02-28 00:00:00,Sports,Product_307,West,Agent_09,47,218.02,,Debit Card,57.0,1.7,8115.58
10176,2022-02-28 08:00:00,Food,Product_638,North,Agent_06,33,163.55,13.2,Debit Card,74.0,1.0,4684.73
10177,2022-02-28 16:00:00,Toys,Product_683,North,Agent_15,37,453.79,28.3,Cash,58.0,3.0,12038.59
10178,2022-03-01 00:00:00,Toys,Product_159,Central,Agent_04,34,99.66,,PayPal,64.0,3.2,3246.13
10179,2022-03-01 08:00:00,Electronics,Product_529,Central,Agent_02,20,309.64,19.3,Bank Transfer,59.0,4.3,4997.59
10180,2022-03-01 16:00:00,Books,Product_756,East,Agent_06,35,205.83,11.5,PayPal,51.0,3.0,6375.58
10181,2022-03-02 00:00:00,Sports,Product_704,West,Agent_02,18,25.34,28.7,PayPal,69.0,4.7,325.21
10182,2022-03-02 08:00:00,Books,Product_408,North,Agent_05,46,176.91,9.9,Debit Card,22.0,3.5,7332.21
10183,2022-03-02 16:00:00,Home,Product_619,Central,Agent_06,24,136.29,28.9,Bank Transfer,48.0,4.4,2325.65
10184,2022-03-03 00:00:00,Sports,Product_690,,Agent_04,8,344.62,27.0,Credit Card,68.0,1.6,2012.58
10185,2022-03-03 08:00:00,Toys,Product_126,Central,Agent_14,30,474.65,8.1,Debit Card,,4.4,13086.1
10186,2022-03-03 16:00:00,Toys,Product_785,Central,Agent_13,44,137.68,24.1,Bank Transfer,60.0,3.7,4597.96
10187,2022-03-04 00:00:00,Sports,Product_661,North,Agent_03,10,406.68,29.9,Cash,18.0,,2850.83
10188,2022-03-04 08:00:00,Toys,Product_298,North,Agent_07,23,32.4,7.6,Debit Card,39.0,1.8,688.56
10189,2022-03-04 16:00:00,Food,Product_486,Central,Agent_02,49,271.37,13.1,Cash,32.0,4.7,11555.21
10190,2022-03-05 00:00:00,Sports,Product_448,South,Agent_13,11,39.92,,Debit Card,43.0,1.1,370.62
10191,2022-03-05 08:00:00,Books,Product_792,Central,Agent_11,2,467.35,8.8,PayPal,35.0,2.9,852.45
10192,2022-03-05 16:00:00,Sports,Product_635,Central,Agent_14,26,384.34,0.5,Bank Transfer,65.0,2.3,9942.88
10193,2022-03-06 00:00:00,Toys,Product_927,East,Agent_06,36,330.69,6.6,Cash,26.0,3.7,11119.12
10194,2022-03-06 08:00:00,Food,Product_477,East,Agent_13,33,412.83,8.5,Debit Card,18.0,4.4,12465.4
10195,2022-03-06 16:00:00,Food,Product_998,East,Agent_04,47,325.52,13.3,Cash,60.0,,13264.61
10196,2022-03-07 00:00:00,Home,Product_657,South,Agent_06,13,484.63,5.1,Debit Card,26.0,2.7,5978.88
10197,2022-03-07 08:00:00,Books,Product_626,South,Agent_04,40,358.41,26.2,Debit Card,40.0,,10580.26
10198,2022-03-07 16:00:00,Clothing,Product_252,Central,Agent_04,25,462.71,21.1,Credit Card,60.0,4.1,9126.95
10199,2022-03-08 00:00:00,Clothing,Product_833,East,Agent_15,4,260.98,2.6,Credit Card,62.0,4.6,1016.78
10200,2022-03-08 08:00:00,Sports,Product_305,South,Agent_04,42,62.95,,Credit Card,19.0,2.8,2128.34
10201,2022-03-08 16:00:00,Home,Product_554,North,Agent_09,19,266.45,19.6,Cash,,1.9,4070.29
10202,2022-03-09 00:00:00,Electronics,Product_372,Central,Agent_07,18,67.8,28.7,PayPal,55.0,2.6,870.15
10203,2022-03-09 08:00:00,Sports,Product_993,West,Agent_03,37,298.28,0.1,Debit Card,57.0,3.9,11025.32
10204,2022-03-09 16:00:00,Home,Product_335,Central,Agent_03,30,243.83,7.4,Bank Transfer,35.0,1.4,6773.6
10205,2022-03-10 00:00:00,Books,Product_951,West,Agent_06,19,313.17,27.8,Credit Card,33.0,2.1,4296.07
10206,2022-03-10 08:00:00,Books,Product_839,East,Agent_06,23,9.97,28.0,Cash,70.0,1.2,165.1
10207,2022-03-10 16:00:00,Books,Product_620,West,Agent_04,16,101.45,21.6,Cash,46.0,2.7,1272.59
10208,2022-03-11 00:00:00,Books,Product_777,East,Agent_15,1,248.21,23.0,Cash,61.0,4.3,191.12
10209,2022-03-11 08:00:00,Books,Product_930,North,Agent_15,12,475.5,2.7,Bank Transfer,28.0,1.1,5551.94
10210,2022-03-11 16:00:00,Home,Product_825,West,Agent_09,24,194.89,15.4,Bank Transfer,23.0,3.7,3957.05
10211,2022-03-12 00:00:00,Home,Product_600,Central,Agent_04,34,215.06,6.9,Credit Card,20.0,4.7,6807.51
10212,2022-03-12 08:00:00,Food,Product_216,East,Agent_09,8,358.77,5.4,Bank Transfer,31.0,1.9,2715.17
10213,2022-03-12 16:00:00,Clothing,Product_485,Central,Agent_04,18,303.88,24.3,Credit Card,19.0,3.8,4140.67
10214,2022-03-13 00:00:00,Toys,Product_443,South,Agent_02,48,152.97,4.1,Bank Transfer,49.0,4.9,7041.52
10215,2022-03-13 08:00:00,Books,Product_683,East,Agent_02,5,208.35,14.1,Bank Transfer,48.0,4.8,894.86
10216,2022-03-13 16:00:00,Electronics,Product_494,West,Agent_05,26,112.76,28.2,Bank Transfer,28.0,1.9,2105.0
10217,2022-03-14 00:00:00,Toys,Product_163,East,Agent_04,30,483.18,5.6,Credit Card,39.0,1.4,13683.66
10218,2022-03-14 08:00:00,Home,Product_816,Central,Agent_07,13,69.66,29.3,Debit Card,,1.6,640.25
10219,2022-03-14 16:00:00,Electronics,Product_820,North,Agent_14,19,189.06,29.8,Credit Card,67.0,3.8,2521.68
10220,2022-03-15 00:00:00,Electronics,Product_171,East,Agent_11,29,17.79,16.7,Debit Card,48.0,3.9,429.75
10221,2022-03-15 08:00:00,Electronics,Product_888,West,Agent_05,3,114.78,5.1,Cash,50.0,3.7,326.78
10222,2022-03-15 16:00:00,Food,Product_373,South,Agent_06,26,391.33,,Cash,41.0,2.3,9207.99
10223,2022-03-16 00:00:00,Home,Product_419,North,Agent_10,40,104.58,12.7,Credit Card,18.0,1.7,3651.93
10224,2022-03-16 08:00:00,Electronics,Product_437,South,Agent_04,12,44.63,9.3,Debit Card,,3.3,485.75
10225,2022-03-16 16:00:00,Books,Product_465,East,Agent_13,2,239.85,8.4,Debit Card,32.0,2.9,439.41
10226,2022-03-17 00:00:00,Sports,Product_594,,Agent_12,11,9.93,29.2,Debit Card,54.0,,77.33
10227,2022-03-17 08:00:00,Electronics,Product_706,Central,Agent_02,44,46.96,4.6,Cash,44.0,2.8,1971.19
10228,2022-03-17 16:00:00,Food,Product_265,West,Agent_13,28,404.77,22.0,Credit Card,55.0,2.4,8840.18
10229,2022-03-18 00:00:00,Toys,Product_643,Central,Agent_10,18,386.88,0.0,PayPal,65.0,2.2,6963.84
10230,2022-03-18 08:00:00,Home,Product_110,North,Agent_09,13,457.99,17.9,Debit Card,44.0,1.8,4888.13
10231,2022-03-18 16:00:00,Food,Product_400,Central,Agent_10,37,427.99,27.5,Debit Card,61.0,2.1,11480.83
10232,2022-03-19 00:00:00,Electronics,Product_828,West,Agent_15,22,343.17,8.6,PayPal,29.0,1.4,6900.46
10233,2022-03-19 08:00:00,Home,Product_900,East,Agent_07,12,30.9,5.6,Credit Card,20.0,2.4,350.04
10234,2022-03-19 16:00:00,Sports,Product_201,East,Agent_04,2,392.51,19.6,Debit Card,47.0,1.1,631.16
10235,2022-03-20 00:00:00,Electronics,Product_524,Central,Agent_03,37,423.53,21.4,Credit Card,,1.7,12317.1
10236,2022-03-20 08:00:00,Food,Product_491,South,Agent_10,7,400.55,,Debit Card,40.0,,2226.26
10237,2022-03-20 16:00:00,Clothing,Product_878,East,Agent_14,26,256.7,9.6,Bank Transfer,19.0,2.3,6033.48
10238,2022-03-21 00:00:00,Books,Product_313,Central,Agent_15,26,120.29,7.6,Debit Card,24.0,,2889.85
10239,2022-03-21 08:00:00,Toys,Product_790,West,Agent_03,24,423.44,28.7,Bank Transfer,51.0,3.9,7245.91
10240,2022-03-21 16:00:00,Food,Product_187,Central,Agent_09,12,364.95,27.7,Credit Card,49.0,3.3,3166.31
10241,2022-03-22 00:00:00,Home,Product_652,East,Agent_05,16,490.48,13.7,Debit Card,70.0,4.8,6772.55
10242,2022-03-22 08:00:00,Electronics,Product_500,West,Agent_13,23,82.07,25.4,Cash,56.0,1.1,1408.16
10243,2022-03-22 16:00:00,Books,Product_687,Central,Agent_15,40,116.7,,Cash,49.0,4.0,4033.15
10244,2022-03-23 00:00:00,Electronics,Product_988,North,Agent_03,9,109.84,12.7,PayPal,60.0,4.8,863.01
10245,2022-03-23 08:00:00,Home,Product_145,West,Agent_15,32,397.31,4.7,Cash,60.0,4.4,12116.37
10246,2022-03-23 16:00:00,Electronics,Product_771,North,Agent_05,15,97.52,12.8,Bank Transfer,31.0,1.7,1275.56
10247,2022-03-24 00:00:00,Clothing,Product_562,South,Agent_02,37,38.0,16.1,Cash,20.0,,1179.63
10248,2022-03-24 08:00:00,Books,Product_691,West,Agent_11,13,499.29,0.7,Cash,63.0,1.7,6445.33
10249,2022-03-24 16:00:00,Books,Product_409,North,Agent_04,5,17.28,13.3,Cash,,3.4,74.91
10250,2022-03-25 00:00:00,Home,Product_185,East,Agent_10,11,418.45,23.4,Debit Card,60.0,3.8,3525.86
10251,2022-03-25 08:00:00,Toys,Product_191,East,Agent_02,10,185.86,20.4,PayPal,,2.3,1479.45
10252,2022-03-25 16:00:00,Clothing,Product_759,South,Agent_02,13,421.6,19.1,Credit Card,34.0,3.2,4433.97
10253,2022-03-26 00:00:00,Food,Product_772,West,Agent_12,41,279.54,27.3,PayPal,65.0,3.8,8332.25
10254,2022-03-26 08:00:00,Electronics,Product_813,West,Agent_08,46,451.31,,Bank Transfer,20.0,2.7,20656.46
10255,2022-03-26 16:00:00,Sports,Product_341,,Agent_01,15,463.47,16.7,Debit Card,74.0,4.4,5791.06
10256,2022-03-27 00:00:00,Electronics,Product_964,South,Agent_14,42,9.5,23.6,Debit Card,27.0,4.1,304.84
10257,2022-03-27 08:00:00,Electronics,Product_101,West,Agent_07,7,42.33,16.2,Cash,70.0,1.3,248.31
10258,2022-03-27 16:00:00,Food,Product_324,East,Agent_05,40,128.93,9.7,Cash,64.0,3.5,4656.95
10259,2022-03-28 00:00:00,Electronics,Product_900,,Agent_15,28,336.31,4.1,Bank Transfer,57.0,1.9,9030.6
10260,2022-03-28 08:00:00,Clothing,Product_844,East,Agent_11,32,444.69,,Debit Card,35.0,,10444.88
10261,2022-03-28 16:00:00,Clothing,Product_688,East,Agent_08,35,232.67,14.1,Credit Card,20.0,4.8,6995.22
10262,2022-03-29 00:00:00,Books,Product_215,North,Agent_01,15,305.45,26.3,PayPal,56.0,4.5,3376.75
10263,2022-03-29 08:00:00,Home,Product_765,East,Agent_11,48,98.31,,Debit Card,27.0,2.6,3888.36
10264,2022-03-29 16:00:00,Toys,Product_202,South,Agent_07,36,403.46,20.2,Credit Card,69.0,2.2,11590.6
10265,2022-03-30 00:00:00,Sports,Product_293,North,Agent_05,21,483.83,24.1,Credit Card,26.0,1.9,7711.77
10266,2022-03-30 08:00:00,Electronics,Product_265,East,Agent_04,6,137.96,19.8,PayPal,63.0,3.1,663.86
10267,2022-03-30 16:00:00,Electronics,Product_970,Central,Agent_07,1,249.94,11.9,Credit Card,72.0,1.5,220.2
10268,2022-03-31 00:00:00,Food,Product_189,,Agent_10,4,47.63,15.4,Bank Transfer,63.0,,161.18
10269,2022-03-31 08:00:00,Home,Product_785,South,Agent_15,11,281.77,24.1,Credit Card,28.0,,2352.5
10270,2022-03-31 16:00:00,Clothing,Product_221,West,Agent_02,44,253.88,11.2,Bank Transfer,50.0,2.3,9919.6
10271,2022-04-01 00:00:00,Sports,Product_242,East,Agent_12,26,76.5,,Credit Card,,1.9,1758.28
10272,2022-04-01 08:00:00,Books,Product_205,West,Agent_15,37,223.82,2.9,Cash,,4.9,8041.18
10273,2022-04-01 16:00:00,Clothing,Product_986,,Agent_01,23,170.38,27.4,Credit Card,,3.9,2845.01
10274,2022-04-02 00:00:00,Home,Product_527,East,Agent_01,29,263.31,2.7,Bank Transfer,55.0,2.4,7429.82
10275,2022-04-02 08:00:00,Toys,Product_404,North,Agent_11,21,294.9,19.4,Credit Card,39.0,1.4,4991.48
10276,2022-04-02 16:00:00,Books,Product_971,West,Agent_12,48,9.21,12.4,Credit Card,43.0,3.1,387.26
10277,2022-04-03 00:00:00,Toys,Product_416,Central,Agent_01,45,381.7,12.2,Credit Card,39.0,1.9,15080.97
10278,2022-04-03 08:00:00,Food,Product_734,North,Agent_15,45,357.94,,Bank Transfer,22.0,3.1,12821.41
10279,2022-04-03 16:00:00,Food,Product_108,North,Agent_12,49,186.31,,Credit Card,52.0,4.3,8946.61
10280,2022-04-04 00:00:00,Electronics,Product_873,North,Agent_05,27,31.2,17.8,PayPal,19.0,3.5,692.45
10281,2022-04-04 08:00:00,Toys,Product_172,North,Agent_10,39,378.69,23.2,PayPal,52.0,3.5,11342.52
10282,2022-04-04 16:00:00,Home,Product_458,East,Agent_07,40,477.81,24.8,Bank Transfer,26.0,3.2,14372.52
10283,2022-04-05 00:00:00,Sports,Product_322,East,Agent_02,13,123.88,5.1,Cash,,4.7,1528.31
10284,2022-04-05 08:00:00,Books,Product_515,East,Agent_10,23,165.14,26.9,PayPal,68.0,,2776.5
10285,2022-04-05 16:00:00,Clothing,Product_652,Central,Agent_08,16,95.99,19.7,Debit Card,66.0,3.1,1233.28
10286,2022-04-06 00:00:00,Home,Product_469,Central,Agent_04,30,290.58,26.5,PayPal,35.0,2.2,6407.29
10287,2022-04-06 08:00:00,Home,Product_815,Central,Agent_12,4,81.65,14.6,Debit Card,60.0,2.8,278.92
10288,2022-04-06 16:00:00,Food,Product_363,South,Agent_03,40,181.32,16.3,Bank Transfer,29.0,1.7,6070.59
10289,2022-04-07 00:00:00,Toys,Product_939,Central,Agent_10,16,350.02,27.6,Cash,20.0,3.5,4054.63
10290,2022-04-07 08:00:00,Electronics,Product_789,East,Agent_11,31,282.26,27.0,Debit Card,35.0,3.0,6387.54
10291,2022-04-07 16:00:00,Electronics,Product_959,East,Agent_08,42,196.3,13.4,Debit Card,73.0,1.4,7139.82
10292,2022-04-08 00:00:00,Books,Product_417,South,Agent_02,25,213.02,8.2,PayPal,55.0,1.8,4888.81
10293,2022-04-08 08:00:00,Food,Product_183,South,Agent_11,44,283.24,11.8,Debit Card,24.0,2.9,10991.98
10294,2022-04-08 16:00:00,Home,Product_417,Central,Agent_11,12,7.9,11.6,Bank Transfer,50.0,4.6,83.8
10295,2022-04-09 00:00:00,Sports,Product_210,West,Agent_13,26,43.86,8.6,Bank Transfer,23.0,3.3,1042.29
10296,2022-04-09 08:00:00,Food,Product_350,South,Agent_03,37,441.22,,Bank Transfer,35.0,3.7,15002.8
10297,2022-04-09 16:00:00,Books,Product_482,,Agent_12,48,43.55,25.8,PayPal,62.0,2.4,1551.08
10298,2022-04-10 00:00:00,Books,Product_106,East,Agent_03,33,354.87,2.1,Cash,39.0,3.3,11464.79
10299,2022-04-10 08:00:00,Food,Product_558,,Agent_10,28,460.42,20.3,PayPal,68.0,2.8,10274.73
10300,2022-04-10 16:00:00,Books,Product_183,East,Agent_11,9,138.99,5.2,Bank Transfer,56.0,3.6,1185.86
10301,2022-04-11 00:00:00,Food,Product_307,East,Agent_01,12,188.39,10.3,PayPal,68.0,1.2,2027.83
10302,2022-04-11 08:00:00,Clothing,Product_489,South,Agent_06,5,286.62,1.8,Bank Transfer,26.0,3.0,1407.3
10303,2022-04-11 16:00:00,Food,Product_413,South,Agent_02,28,441.45,8.1,Credit Card,52.0,2.2,11359.39
10304,2022-04-12 00:00:00,Toys,Product_121,North,Agent_01,35,471.24,23.1,Credit Card,40.0,2.3,12683.42
10305,2022-04-12 08:00:00,Food,Product_509,East,Agent_02,5,371.08,26.6,Debit Card,29.0,4.8,1361.86
10306,2022-04-12 16:00:00,Books,Product_994,North,Agent_12,34,47.88,,Cash,69.0,1.7,1520.48
10307,2022-04-13 00:00:00,Toys,Product_614,West,Agent_06,46,336.23,13.9,Credit Card,41.0,2.2,13316.73
10308,2022-04-13 08:00:00,Books,Product_226,North,Agent_14,34,208.1,14.1,Bank Transfer,67.0,3.0,6077.77
10309,2022-04-13 16:00:00,Electronics,Product_908,Central,Agent_04,13,238.0,26.2,PayPal,57.0,4.5,2283.37
10310,2022-04-14 00:00:00,Electronics,Product_799,North,Agent_06,39,29.33,22.9,PayPal,26.0,2.7,881.92
10311,2022-04-14 08:00:00,Toys,Product_973,Central,Agent_12,42,99.58,15.4,Debit Card,30.0,4.0,3538.28
10312,2022-04-14 16:00:00,Clothing,Product_113,Central,Agent_09,45,396.3,20.1,PayPal,57.0,4.4,14248.97
10313,2022-04-15 00:00:00,Electronics,Product_111,Central,Agent_13,48,229.71,,Credit Card,71.0,2.2,8225.46
10314,2022-04-15 08:00:00,Food,Product_186,West,Agent_10,14,154.32,0.3,PayPal,59.0,2.6,2154.0
10315,2022-04-15 16:00:00,Books,Product_623,North,Agent_12,11,195.09,12.1,Credit Card,34.0,2.4,1886.33
10316,2022-04-16 00:00:00,Electronics,Product_636,North,Agent_10,42,427.93,27.2,Credit Card,24.0,4.3,13084.39
10317,2022-04-16 08:00:00,Electronics,Product_400,West,Agent_08,38,375.75,22.2,Cash,34.0,1.2,11108.67
10318,2022-04-16 16:00:00,Clothing,Product_342,East,Agent_01,4,139.8,16.3,Debit Card,72.0,2.2,468.05
10319,2022-04-17 00:00:00,Toys,Product_221,South,Agent_13,33,63.16,15.9,Bank Transfer,67.0,3.7,1752.88
10320,2022-04-17 08:00:00,Toys,Product_246,,Agent_08,7,129.74,10.4,Credit Card,41.0,3.3,813.73
10321,2022-04-17 16:00:00,Home,Product_666,South,Agent_09,41,460.77,,Debit Card,19.0,,15944.49
10322,2022-04-18 00:00:00,Clothing,Product_849,West,Agent_06,8,292.89,19.7,Bank Transfer,52.0,3.2,1881.53
10323,2022-04-18 08:00:00,Food,Product_455,East,Agent_10,37,269.07,12.6,PayPal,45.0,1.8,8701.19
10324,2022-04-18 16:00:00,Toys,Product_784,East,Agent_15,10,300.21,21.4,Debit Card,36.0,2.7,2359.65
10325,2022-04-19 00:00:00,Books,Product_832,East,Agent_05,43,186.18,25.8,Debit Card,,3.0,5940.26
10326,2022-04-19 08:00:00,Clothing,Product_730,West,Agent_06,15,404.52,4.6,Debit Card,38.0,4.6,5788.68
10327,2022-04-19 16:00:00,Electronics,Product_408,Central,Agent_13,38,264.03,13.5,PayPal,70.0,2.0,8678.67
10328,2022-04-20 00:00:00,Books,Product_794,Central,Agent_06,15,62.79,12.2,PayPal,27.0,4.5,826.94
10329,2022-04-20 08:00:00,Books,Product_387,South,Agent_09,5,68.89,20.6,Debit Card,70.0,3.6,273.49
10330,2022-04-20 16:00:00,Electronics,Product_406,Central,Agent_04,29,270.75,7.5,Cash,63.0,1.1,7262.87
10331,2022-04-21 00:00:00,Clothing,Product_911,Central,Agent_02,19,468.6,,Credit Card,62.0,3.9,7193.95
10332,2022-04-21 08:00:00,Electronics,Product_693,East,Agent_11,10,157.63,26.3,PayPal,26.0,1.1,1161.73
10333,2022-04-21 16:00:00,Home,Product_822,East,Agent_11,12,435.42,12.5,Cash,55.0,5.0,4571.91
10334,2022-04-22 00:00:00,Books,Product_761,South,Agent_09,4,383.23,27.3,PayPal,23.0,4.5,1114.43
10335,2022-04-22 08:00:00,Sports,Product_648,North,Agent_02,31,127.67,29.8,Debit Card,68.0,2.2,2778.35
10336,2022-04-22 16:00:00,Sports,Product_451,,Agent_10,18,22.99,3.2,Cash,70.0,2.0,400.58
10337,2022-04-23 00:00:00,Food,Product_411,South,Agent_09,16,55.41,7.0,Bank Transfer,59.0,2.5,824.5
10338,2022-04-23 08:00:00,Toys,Product_972,West,Agent_02,40,365.6,28.5,Credit Card,72.0,2.4,10456.16
10339,2022-04-23 16:00:00,Electronics,Product_158,West,Agent_12,36,103.84,28.7,Credit Card,52.0,2.5,2665.37
10340,2022-04-24 00:00:00,Electronics,Product_742,South,Agent_08,25,188.78,2.9,PayPal,35.0,2.3,4582.63
10341,2022-04-24 08:00:00,Food,Product_813,South,Agent_09,23,253.34,0.4,Credit Card,70.0,3.5,5803.51
10342,2022-04-24 16:00:00,Food,Product_854,South,Agent_12,12,364.11,4.8,Bank Transfer,36.0,1.7,4159.59
10343,2022-04-25 00:00:00,Food,Product_134,Central,Agent_10,34,61.05,29.9,Cash,22.0,4.4,1455.07
10344,2022-04-25 08:00:00,Books,Product_544,West,Agent_09,36,206.15,5.4,Cash,42.0,4.2,7020.64
10345,2022-04-25 16:00:00,Home,Product_192,South,Agent_10,37,245.11,15.1,Debit Card,28.0,2.9,7699.64
10346,2022-04-26 00:00:00,Electronics,Product_306,East,Agent_09,3,272.71,25.5,Cash,27.0,4.4,609.51
10347,2022-04-26 08:00:00,Books,Product_452,East,Agent_02,9,410.09,0.6,PayPal,34.0,2.0,3668.67
10348,2022-04-26 16:00:00,Food,Product_431,Central,Agent_04,18,89.98,18.1,Bank Transfer,53.0,1.1,1326.49
10349,2022-04-27 00:00:00,Electronics,Product_916,Central,Agent_07,43,404.88,8.3,Debit Card,43.0,3.5,15964.82
10350,2022-04-27 08:00:00,Books,Product_961,North,Agent_12,35,347.97,25.9,PayPal,48.0,2.8,9024.6
10351,2022-04-27 16:00:00,Home,Product_824,North,Agent_02,34,280.16,8.5,PayPal,49.0,3.3,8715.78
10352,2022-04-28 00:00:00,Books,Product_258,North,Agent_01,41,351.27,20.6,PayPal,,4.6,11435.24
10353,2022-04-28 08:00:00,Home,Product_123,Central,Agent_03,14,208.95,20.2,Credit Card,35.0,4.9,2334.39
10354,2022-04-28 16:00:00,Food,Product_503,Central,Agent_12,4,73.51,6.6,PayPal,35.0,3.5,274.63
10355,2022-04-29 00:00:00,Home,Product_904,Central,Agent_04,29,334.55,1.0,Credit Card,18.0,4.1,9604.93
10356,2022-04-29 08:00:00,Electronics,Product_615,East,Agent_08,41,264.71,12.3,Cash,31.0,1.3,9518.18
10357,2022-04-29 16:00:00,Food,Product_831,Central,Agent_06,45,321.49,8.7,Credit Card,25.0,1.6,13208.42
10358,2022-04-30 00:00:00,Electronics,Product_463,East,Agent_11,15,172.31,24.3,PayPal,19.0,3.9,1956.58
10359,2022-04-30 08:00:00,Sports,Product_481,North,Agent_02,28,453.9,24.0,Bank Transfer,68.0,2.7,9658.99
10360,2022-04-30 16:00:00,Clothing,Product_631,North,Agent_15,42,295.75,13.7,Bank Transfer,32.0,2.8,10719.75
10361,2022-05-01 00:00:00,Home,Product_251,North,Agent_09,16,47.27,18.2,Cash,51.0,2.2,618.67
10362,2022-05-01 08:00:00,Clothing,Product_661,South,Agent_14,12,227.65,18.1,PayPal,53.0,3.4,2237.34
10363,2022-05-01 16:00:00,Clothing,Product_788,South,Agent_02,5,379.4,24.8,Credit Card,18.0,1.7,1426.54
10364,2022-05-02 00:00:00,Home,Product_707,West,Agent_13,34,398.1,12.8,Bank Transfer,68.0,3.5,11802.87
10365,2022-05-02 08:00:00,Food,Product_716,West,Agent_15,42,249.83,8.3,Debit Card,38.0,1.7,9621.95
10366,2022-05-02 16:00:00,Sports,Product_519,West,Agent_12,1,447.9,8.0,PayPal,59.0,1.3,412.07
10367,2022-05-03 00:00:00,Electronics,Product_349,South,Agent_05,39,137.5,,PayPal,18.0,2.3,4499.14
10368,2022-05-03 08:00:00,Books,Product_216,South,Agent_12,32,208.25,13.5,Debit Card,49.0,1.9,5764.36
10369,2022-05-03 16:00:00,Electronics,Product_965,West,Agent_04,26,449.81,13.2,Bank Transfer,37.0,4.6,10151.31
10370,2022-05-04 00:00:00,Books,Product_611,West,Agent_13,17,448.65,2.7,Debit Card,71.0,1.2,7421.12
10371,2022-05-04 08:00:00,Electronics,Product_839,Central,Agent_07,48,344.43,21.6,Cash,64.0,1.7,12961.59
10372,2022-05-04 16:00:00,Home,Product_677,West,Agent_08,27,430.2,6.4,Credit Card,53.0,3.2,10872.01
10373,2022-05-05 00:00:00,Sports,Product_434,Central,Agent_05,24,48.94,5.9,Credit Card,56.0,2.9,1105.26
10374,2022-05-05 08:00:00,Books,Product_517,East,Agent_10,35,433.17,12.4,Bank Transfer,47.0,1.2,13280.99
10375,2022-05-05 16:00:00,Toys,Product_873,South,Agent_14,46,163.71,6.8,Debit Card,24.0,1.0,7018.58
10376,2022-05-06 00:00:00,Food,Product_394,West,Agent_14,42,93.27,17.5,PayPal,39.0,5.0,3231.81
10377,2022-05-06 08:00:00,Electronics,Product_854,South,Agent_05,39,123.49,11.1,PayPal,74.0,3.6,4281.52
10378,2022-05-06 16:00:00,Electronics,Product_470,South,Agent_02,26,211.89,13.5,PayPal,67.0,2.5,4765.41
10379,2022-05-07 00:00:00,Books,Product_285,South,Agent_08,49,129.34,16.1,Cash,62.0,,5317.3
10380,2022-05-07 08:00:00,Food,Product_345,East,Agent_14,38,163.68,6.1,Cash,27.0,2.1,5840.43
10381,2022-05-07 16:00:00,Food,Product_736,North,Agent_02,23,71.81,4.7,PayPal,73.0,,1574.0
10382,2022-05-08 00:00:00,Home,Product_367,West,Agent_10,22,151.61,26.4,Bank Transfer,25.0,3.6,2454.87
10383,2022-05-08 08:00:00,Toys,Product_742,North,Agent_12,4,288.28,13.0,Cash,44.0,,1003.21
10384,2022-05-08 16:00:00,Home,Product_336,North,Agent_06,49,223.72,12.4,Cash,27.0,1.7,9602.96
10385,2022-05-09 00:00:00,Home,Product_629,North,Agent_08,9,176.63,1.1,Credit Card,31.0,4.4,1572.18
10386,2022-05-09 08:00:00,Home,Product_651,South,Agent_06,4,374.49,14.9,Credit Card,63.0,1.5,1274.76
10387,2022-05-09 16:00:00,Home,Product_120,Central,Agent_04,7,447.29,16.6,Bank Transfer,69.0,1.9,2611.28
10388,2022-05-10 00:00:00,Home,Product_836,South,Agent_13,23,379.61,16.8,Cash,71.0,1.1,7264.22
10389,2022-05-10 08:00:00,Sports,Product_966,South,Agent_04,2,169.34,21.2,Cash,28.0,,266.88
10390,2022-05-10 16:00:00,Food,Product_893,North,Agent_06,49,373.5,5.3,Debit Card,23.0,4.7,17331.52
10391,2022-05-11 00:00:00,Home,Product_619,South,Agent_14,24,80.23,7.6,Bank Transfer,38.0,2.8,1779.18
10392,2022-05-11 08:00:00,Food,Product_199,North,Agent_15,40,69.51,24.3,Bank Transfer,50.0,1.3,2104.76
10393,2022-05-11 16:00:00,Food,Product_851,Central,Agent_13,31,176.09,28.4,Debit Card,36.0,4.8,3908.49
10394,2022-05-12 00:00:00,Clothing,Product_577,West,Agent_04,47,404.81,4.1,Debit Card,56.0,4.5,18246.0
10395,2022-05-12 08:00:00,Sports,Product_698,North,Agent_08,31,126.94,14.9,Credit Card,41.0,4.0,3348.8
10396,2022-05-12 16:00:00,Home,Product_397,,Agent_09,47,36.31,6.4,Bank Transfer,35.0,4.7,1597.35
10397,2022-05-13 00:00:00,Electronics,Product_625,West,Agent_01,40,70.2,1.8,Bank Transfer,52.0,1.9,2757.46
10398,2022-05-13 08:00:00,Books,Product_433,East,Agent_13,48,430.08,9.8,Debit Card,69.0,4.3,18620.74
10399,2022-05-13 16:00:00,Toys,Product_101,North,Agent_04,43,318.72,4.3,PayPal,60.0,3.8,13115.65
10400,2022-05-14 00:00:00,Electronics,Product_474,North,Agent_04,34,130.33,21.3,PayPal,54.0,4.5,3487.37
10401,2022-05-14 08:00:00,Sports,Product_392,East,Agent_02,24,279.87,16.0,Credit Card,,4.2,5642.18
10402,2022-05-14 16:00:00,Books,Product_936,East,Agent_06,49,266.15,4.3,PayPal,70.0,2.4,12480.57
10403,2022-05-15 00:00:00,Sports,Product_652,North,Agent_03,26,329.44,0.3,PayPal,41.0,4.1,8539.74
10404,2022-05-15 08:00:00,Food,Product_417,East,Agent_07,16,120.43,24.2,PayPal,73.0,2.0,1460.58
10405,2022-05-15 16:00:00,Books,Product_601,South,Agent_13,47,432.88,5.3,Cash,51.0,2.3,19267.06
10406,2022-05-16 00:00:00,Food,Product_927,West,Agent_11,13,158.14,,Credit Card,39.0,,1681.66
10407,2022-05-16 08:00:00,Electronics,Product_480,West,Agent_11,15,348.6,10.1,Debit Card,21.0,,4700.87
10408,2022-05-16 16:00:00,Electronics,Product_722,West,Agent_05,27,12.98,17.6,PayPal,74.0,,288.78
10409,2022-05-17 00:00:00,Books,Product_113,South,Agent_04,4,189.47,9.5,Cash,27.0,,685.88
10410,2022-05-17 08:00:00,Books,Product_603,East,Agent_05,16,179.1,2.6,PayPal,19.0,2.6,2791.09
10411,2022-05-17 16:00:00,Home,Product_330,Central,Agent_08,30,274.02,6.7,Cash,25.0,4.8,7669.82
10412,2022-05-18 00:00:00,Sports,Product_183,East,Agent_03,44,41.0,5.6,Credit Card,,2.3,1702.98
10413,2022-05-18 08:00:00,Home,Product_229,North,Agent_14,30,396.12,12.8,PayPal,55.0,,10362.5
10414,2022-05-18 16:00:00,Sports,Product_842,West,Agent_07,36,112.8,19.7,Cash,60.0,4.4,3260.82
10415,2022-05-19 00:00:00,Home,Product_937,East,Agent_15,3,340.13,7.9,Bank Transfer,45.0,2.7,939.78
10416,2022-05-19 08:00:00,Food,Product_244,Central,Agent_14,22,402.59,0.4,Bank Transfer,27.0,2.5,8821.55
10417,2022-05-19 16:00:00,Books,Product_990,North,Agent_06,49,283.13,15.6,Cash,62.0,4.0,11709.12
10418,2022-05-20 00:00:00,Electronics,Product_956,South,Agent_12,22,371.74,18.2,PayPal,18.0,4.7,6689.83
10419,2022-05-20 08:00:00,Sports,Product_127,South,Agent_01,49,332.62,28.9,PayPal,51.0,4.0,11588.15
10420,2022-05-20 16:00:00,SPORTS,Product_165,Central,Agent_13,12,180.99,17.7,Credit Card,20.0,1.9,1787.46
10421,2022-05-21 00:00:00,Electronics,Product_262,North,Agent_07,21,405.38,14.1,Credit Card,26.0,4.6,7312.65
10422,2022-05-21 08:00:00,Home,Product_328,West,Agent_14,4,150.88,17.2,Debit Card,22.0,2.6,499.71
10423,2022-05-21 16:00:00,Sports,Product_360,East,Agent_13,31,287.75,27.8,Credit Card,59.0,3.3,6440.42
10424,2022-05-22 00:00:00,Toys,Product_548,North,Agent_07,44,373.97,24.9,PayPal,,4.3,12357.46
10425,2022-05-22 08:00:00,Food,Product_523,South,Agent_14,31,192.58,9.7,Debit Card,29.0,1.8,5390.89
10426,2022-05-22 16:00:00,Books,Product_559,Central,Agent_15,23,154.87,7.1,Credit Card,35.0,4.1,3309.11
10427,2022-05-23 00:00:00,Electronics,Product_775,Central,Agent_12,20,232.38,7.9,Cash,38.0,,4280.44
10428,2022-05-23 08:00:00,Books,Product_400,East,Agent_01,15,409.89,15.1,Bank Transfer,38.0,4.6,5219.95
10429,2022-05-23 16:00:00,Toys,Product_402,Central,Agent_09,23,465.31,22.3,Credit Card,18.0,1.7,8315.56
10430,2022-05-24 00:00:00,Sports,Product_386,Central,Agent_06,28,274.82,15.1,Credit Card,20.0,2.7,6533.02
10431,2022-05-24 08:00:00,Sports,Product_494,North,Agent_15,16,332.43,2.0,Cash,22.0,,5212.5
10432,2022-05-24 16:00:00,Toys,Product_109,West,Agent_12,37,452.12,,PayPal,42.0,1.1,13098.37
10433,2022-05-25 00:00:00,Electronics,Product_806,,Agent_02,21,53.78,24.2,Cash,66.0,1.4,856.07
10434,2022-05-25 08:00:00,Food,Product_729,North,Agent_05,15,119.88,8.7,Credit Card,25.0,5.0,1641.76
10435,2022-05-25 16:00:00,Clothing,Product_369,West,Agent_13,17,355.91,19.9,PayPal,34.0,2.1,4846.43
10436,2022-05-26 00:00:00,Electronics,Product_691,North,Agent_11,37,412.75,12.8,Debit Card,26.0,4.9,13316.97
10437,2022-05-26 08:00:00,Clothing,Product_704,North,Agent_04,13,429.23,26.7,Credit Card,49.0,1.7,4090.13
10438,2022-05-26 16:00:00,Toys,Product_877,Central,Agent_07,19,210.48,25.4,Cash,23.0,2.4,2983.34
10439,2022-05-27 00:00:00,Home,Product_943,West,Agent_08,30,49.22,15.8,Debit Card,66.0,4.0,1243.3
10440,2022-05-27 08:00:00,Clothing,Product_961,East,Agent_11,45,221.7,20.7,Bank Transfer,,3.6,7911.36
10441,2022-05-27 16:00:00,Food,Product_460,East,Agent_14,18,119.21,26.5,Debit Card,38.0,3.3,1577.15
10442,2022-05-28 00:00:00,HOME,Product_356,West,Agent_15,14,149.14,14.9,Cash,24.0,3.1,1776.85
10443,2022-05-28 08:00:00,Clothing,Product_232,Central,Agent_11,36,387.27,9.4,Debit Card,24.0,4.4,12631.2
10444,2022-05-28 16:00:00,Toys,Product_375,South,Agent_01,36,42.39,22.6,Cash,64.0,1.9,1181.15
10445,2022-05-29 00:00:00,Home,Product_875,North,Agent_05,20,414.65,,Credit Card,56.0,2.8,7745.66
10446,2022-05-29 08:00:00,Toys,Product_782,Central,Agent_15,19,216.7,11.7,PayPal,71.0,,3635.58
10447,2022-05-29 16:00:00,Clothing,Product_612,,Agent_03,45,300.05,26.0,Bank Transfer,44.0,3.4,9991.66
10448,2022-05-30 00:00:00,Toys,Product_412,North,Agent_01,44,49.38,,PayPal,25.0,2.0,1701.24
10449,2022-05-30 08:00:00,Food,Product_675,East,Agent_12,7,171.99,12.1,PayPal,26.0,2.3,1058.25
10450,2022-05-30 16:00:00,Clothing,Product_985,South,Agent_03,44,49.4,6.4,PayPal,45.0,2.9,2034.49
10451,2022-05-31 00:00:00,Clothing,Product_383,East,Agent_14,4,480.96,10.7,Cash,32.0,1.1,1717.99
10452,2022-05-31 08:00:00,Clothing,Product_220,West,Agent_06,34,404.59,8.5,Cash,19.0,1.4,12586.79
10453,2022-05-31 16:00:00,Electronics,Product_206,North,Agent_14,2,232.52,5.3,Bank Transfer,24.0,3.7,440.39
10454,2022-06-01 00:00:00,Electronics,Product_786,West,Agent_07,5,115.68,22.3,Cash,64.0,2.7,449.42
10455,2022-06-01 08:00:00,Electronics,Product_303,North,Agent_08,10,467.06,7.6,Cash,35.0,4.5,4315.63
10456,2022-06-01 16:00:00,Food,Product_264,Central,Agent_13,32,175.58,13.6,Cash,39.0,3.8,4854.44
10457,2022-06-02 00:00:00,Home,Product_404,,Agent_11,42,84.69,11.6,Cash,67.0,1.0,3144.37
10458,2022-06-02 08:00:00,Toys,Product_596,Central,Agent_04,41,283.77,29.5,Credit Card,,3.5,8202.37
10459,2022-06-02 16:00:00,Sports,Product_731,Central,Agent_03,13,472.17,11.7,Bank Transfer,71.0,1.4,5420.04
10460,2022-06-03 00:00:00,Clothing,Product_655,West,Agent_05,39,6.9,2.4,Cash,67.0,4.1,262.64
10461,2022-06-03 08:00:00,Toys,Product_923,South,Agent_09,5,122.87,2.7,Bank Transfer,50.0,5.0,597.76
10462,2022-06-03 16:00:00,Clothing,Product_255,North,Agent_13,10,469.53,17.7,Debit Card,24.0,3.1,3864.23
10463,2022-06-04 00:00:00,Food,Product_466,North,Agent_06,10,89.69,18.0,Credit Card,20.0,3.7,735.46
10464,2022-06-04 08:00:00,Clothing,Product_818,East,Agent_15,38,61.06,12.6,Cash,31.0,1.9,2027.92
10465,2022-06-04 16:00:00,ELECTRONICS,Product_719,North,Agent_09,27,287.24,13.0,Credit Card,61.0,2.8,6747.27
10466,2022-06-05 00:00:00,Sports,Product_350,West,Agent_15,21,431.61,1.6,Credit Card,63.0,4.4,8918.79
10467,2022-06-05 08:00:00,Books,Product_981,Central,Agent_06,8,241.17,15.5,Debit Card,53.0,1.7,1630.31
10468,2022-06-05 16:00:00,Clothing,Product_433,Central,Agent_02,1,497.31,15.1,Bank Transfer,30.0,2.1,422.22
10469,2022-06-06 00:00:00,Toys,Product_741,Central,Agent_13,28,341.19,4.5,Credit Card,33.0,2.8,9123.42
10470,2022-06-06 08:00:00,Electronics,Product_610,South,Agent_05,49,41.67,,PayPal,33.0,3.8,1978.53
10471,2022-06-06 16:00:00,Books,Product_392,North,Agent_12,39,496.45,3.7,Debit Card,71.0,2.5,18645.17
10472,2022-06-07 00:00:00,Sports,Product_119,West,Agent_11,14,206.91,3.0,PayPal,22.0,4.7,2809.84
10473,2022-06-07 08:00:00,Books,Product_381,South,Agent_09,21,147.26,18.3,Debit Card,69.0,1.4,2526.54
10474,2022-06-07 16:00:00,Electronics,Product_896,East,Agent_08,30,281.15,,PayPal,,2.5,7936.86
10475,2022-06-08 00:00:00,Home,Product_100,West,Agent_07,21,155.63,7.5,PayPal,,3.8,3023.11
10476,2022-06-08 08:00:00,Home,Product_218,West,Agent_01,49,47.8,5.2,Credit Card,55.0,1.9,2220.41
10477,2022-06-08 16:00:00,Books,Product_134,West,Agent_04,9,5.71,28.7,Credit Card,67.0,,36.64
10478,2022-06-09 00:00:00,Food,Product_297,Central,Agent_12,17,227.54,25.6,Debit Card,55.0,1.7,2877.93
10479,2022-06-09 08:00:00,Toys,Product_584,,Agent_07,5,419.25,6.9,Bank Transfer,56.0,1.2,1951.61
10480,2022-06-09 16:00:00,Toys,Product_856,North,Agent_11,31,288.3,9.8,Credit Card,73.0,1.5,8061.44
10481,2022-06-10 00:00:00,Books,Product_158,West,Agent_07,40,499.61,6.3,Credit Card,73.0,4.7,18725.38
10482,2022-06-10 08:00:00,Clothing,Product_936,Central,Agent_15,38,146.99,14.8,Cash,65.0,3.2,4758.95
10483,2022-06-10 16:00:00,Clothing,Product_260,West,Agent_06,43,143.83,0.6,Credit Card,58.0,4.2,6147.58
10484,2022-06-11 00:00:00,Toys,Product_790,East,Agent_08,19,84.08,20.1,Bank Transfer,43.0,2.3,1276.42
10485,2022-06-11 08:00:00,Toys,Product_305,East,Agent_11,36,86.21,15.7,Cash,30.0,3.4,2616.3
10486,2022-06-11 16:00:00,Home,Product_111,Central,Agent_13,33,146.17,27.0,PayPal,61.0,3.0,3521.24
10487,2022-06-12 00:00:00,Food,Product_589,North,Agent_06,13,397.46,4.9,PayPal,68.0,4.8,4913.8
10488,2022-06-12 08:00:00,Electronics,Product_375,North,Agent_10,14,453.35,24.1,Cash,43.0,4.0,4817.3
10489,2022-06-12 16:00:00,Clothing,Product_792,South,Agent_03,33,487.67,23.8,Cash,72.0,,12262.95
10490,2022-06-13 00:00:00,Toys,Product_341,Central,Agent_04,29,119.98,3.8,Cash,72.0,1.2,3347.2
10491,2022-06-13 08:00:00,Home,Product_315,West,Agent_14,43,441.24,12.0,Debit Card,18.0,,16696.52
10492,2022-06-13 16:00:00,Sports,Product_350,Central,Agent_03,49,167.49,5.1,Bank Transfer,,,7788.45
10493,2022-06-14 00:00:00,Home,Product_910,South,Agent_01,36,60.86,7.6,Bank Transfer,21.0,4.7,2024.45
10494,2022-06-14 08:00:00,Clothing,Product_225,Central,Agent_15,44,435.66,7.9,PayPal,38.0,2.0,17654.69
10495,2022-06-14 16:00:00,Clothing,Product_316,Central,Agent_10,10,319.87,16.7,PayPal,39.0,2.1,2664.52
10496,2022-06-15 00:00:00,Home,Product_405,South,Agent_05,31,86.54,12.3,PayPal,68.0,2.6,2352.76
10497,2022-06-15 08:00:00,Electronics,Product_896,North,Agent_15,6,217.77,28.4,Credit Card,70.0,2.0,935.54
10498,2022-06-15 16:00:00,Books,Product_284,West,Agent_01,1,147.19,3.8,PayPal,54.0,1.5,141.6
10499,2022-06-16 00:00:00,Clothing,Product_138,South,Agent_01,7,369.71,29.2,Cash,66.0,4.4,1832.28
10500,2022-06-16 08:00:00,Home,Product_322,East,Agent_02,27,229.44,6.9,PayPal,20.0,3.2,5767.43
10501,2022-06-16 16:00:00,Toys,Product_283,North,Agent_13,21,494.69,23.2,Cash,36.0,4.4,7978.36
10502,2022-06-17 00:00:00,Home,Product_594,East,Agent_04,28,32.1,10.2,Debit Card,18.0,4.3,807.12
10503,2022-06-17 08:00:00,Food,Product_526,North,Agent_06,16,180.73,4.3,Credit Card,46.0,2.1,2767.34
10504,2022-06-17 16:00:00,Books,Product_277,West,Agent_08,46,243.54,25.7,Credit Card,40.0,3.2,8323.71
10505,2022-06-18 00:00:00,Sports,Product_527,West,Agent_13,23,254.05,9.3,Bank Transfer,50.0,1.3,5299.74
10506,2022-06-18 08:00:00,Electronics,Product_393,Central,Agent_03,20,161.39,19.8,Debit Card,72.0,4.7,2588.7
10507,2022-06-18 16:00:00,Sports,Product_951,East,Agent_01,38,365.97,17.0,Cash,69.0,2.6,11542.69
10508,2022-06-19 00:00:00,Books,Product_250,North,Agent_03,25,438.0,14.2,Debit Card,58.0,2.6,9395.1
10509,2022-06-19 08:00:00,Books,Product_483,West,Agent_12,28,469.67,14.9,Credit Card,40.0,2.2,11191.3
10510,2022-06-19 16:00:00,Books,Product_737,South,Agent_03,5,403.52,22.0,Cash,22.0,2.8,1573.73
10511,2022-06-20 00:00:00,Sports,Product_912,West,Agent_05,21,426.04,2.6,Debit Card,24.0,2.0,8714.22
10512,2022-06-20 08:00:00,Toys,Product_407,South,Agent_11,18,277.52,20.0,Credit Card,74.0,2.5,3996.29
10513,2022-06-20 16:00:00,Books,Product_435,North,Agent_12,47,413.81,26.9,Cash,23.0,4.2,14217.27
10514,2022-06-21 00:00:00,Home,Product_845,West,Agent_12,6,155.23,1.7,Cash,66.0,,915.55
10515,2022-06-21 08:00:00,Sports,Product_991,West,Agent_04,29,202.25,4.2,Credit Card,39.0,2.2,5618.91
10516,2022-06-21 16:00:00,Books,Product_474,North,Agent_13,19,161.87,21.5,Cash,66.0,,2414.29
10517,2022-06-22 00:00:00,Home,Product_107,West,Agent_04,33,236.36,13.1,Credit Card,30.0,4.5,6778.1
10518,2022-06-22 08:00:00,Toys,Product_440,South,Agent_09,1,146.36,12.1,PayPal,29.0,1.2,128.65
10519,2022-06-22 16:00:00,Food,Product_228,West,Agent_07,45,481.0,4.1,PayPal,21.0,4.6,20757.56
10520,2022-06-23 00:00:00,Toys,Product_875,East,Agent_04,3,159.86,15.2,Cash,25.0,,406.68
10521,2022-06-23 08:00:00,Books,Product_768,Central,Agent_03,42,53.53,3.8,Cash,54.0,3.7,2162.83
10522,2022-06-23 16:00:00,Sports,Product_451,South,Agent_06,21,265.77,14.3,Credit Card,48.0,3.3,4783.06
10523,2022-06-24 00:00:00,Clothing,Product_457,East,Agent_03,35,33.26,22.9,Cash,54.0,3.2,897.52
10524,2022-06-24 08:00:00,Books,Product_616,North,Agent_06,41,59.72,7.7,Bank Transfer,62.0,4.4,2259.98
10525,2022-06-24 16:00:00,Clothing,Product_594,South,Agent_11,40,113.6,14.4,PayPal,43.0,1.4,3889.66
10526,2022-06-25 00:00:00,Home,Product_185,Central,Agent_13,3,234.85,29.8,Cash,60.0,2.4,494.59
10527,2022-06-25 08:00:00,Food,Product_274,Central,Agent_11,25,219.46,20.6,Cash,25.0,3.2,4356.28
10528,2022-06-25 16:00:00,Electronics,Product_901,North,Agent_13,45,400.85,25.2,Debit Card,57.0,4.2,13492.61
10529,2022-06-26 00:00:00,Toys,Product_292,North,Agent_13,38,371.04,12.4,Cash,50.0,1.9,12351.18
10530,2022-06-26 08:00:00,Food,Product_410,South,Agent_12,45,216.03,23.0,Bank Transfer,62.0,4.2,7485.44
10531,2022-06-26 16:00:00,Books,Product_218,West,Agent_09,20,170.18,1.2,PayPal,46.0,2.6,3362.76
10532,2022-06-27 00:00:00,Clothing,Product_317,North,Agent_06,44,161.65,3.7,Debit Card,22.0,1.8,6849.43
10533,2022-06-27 08:00:00,Toys,Product_526,West,Agent_12,45,388.13,6.1,Credit Card,45.0,4.0,16400.43
10534,2022-06-27 16:00:00,Clothing,Product_513,East,Agent_04,34,30.78,12.1,Credit Card,70.0,1.4,919.89
10535,2022-06-28 00:00:00,Sports,Product_213,Central,Agent_15,21,11.35,25.4,PayPal,57.0,3.1,177.81
10536,2022-06-28 08:00:00,Clothing,Product_244,West,Agent_05,48,398.79,10.4,Credit Card,34.0,1.3,17151.16
10537,2022-06-28 16:00:00,Sports,Product_637,Central,Agent_13,23,241.19,19.6,Bank Transfer,72.0,2.4,4460.09
10538,2022-06-29 00:00:00,Home,Product_747,West,Agent_06,6,69.79,21.3,Cash,40.0,3.4,329.55
10539,2022-06-29 08:00:00,Toys,Product_402,,Agent_11,13,121.61,17.6,PayPal,62.0,3.2,1302.69
10540,2022-06-29 16:00:00,Toys,Product_843,North,Agent_03,49,466.59,10.7,Debit Card,26.0,2.6,20416.58
10541,2022-06-30 00:00:00,Electronics,Product_980,East,Agent_08,23,430.45,17.3,Cash,19.0,,8187.59
10542,2022-06-30 08:00:00,Books,Product_687,North,Agent_04,9,356.34,10.3,Credit Card,49.0,1.9,2876.73
10543,2022-06-30 16:00:00,Sports,Product_939,North,Agent_08,17,243.7,2.5,Credit Card,68.0,2.8,4039.33
10544,2022-07-01 00:00:00,Electronics,Product_444,Central,Agent_10,2,262.56,29.8,Debit Card,69.0,,368.63
10545,2022-07-01 08:00:00,Clothing,Product_913,East,Agent_10,19,487.75,3.8,Bank Transfer,66.0,4.4,8915.09
10546,2022-07-01 16:00:00,Clothing,Product_900,,Agent_03,19,483.06,2.2,Debit Card,48.0,1.6,8976.22
10547,2022-07-02 00:00:00,Electronics,Product_100,East,Agent_10,7,111.56,26.4,PayPal,24.0,1.1,574.76
10548,2022-07-02 08:00:00,Toys,Product_246,Central,Agent_07,42,406.5,9.1,Debit Card,47.0,4.7,15519.36
10549,2022-07-02 16:00:00,Clothing,Product_386,North,Agent_11,42,102.64,19.5,Credit Card,20.0,3.1,3470.26
10550,2022-07-03 00:00:00,Home,Product_753,Central,Agent_13,20,110.7,9.9,Bank Transfer,,3.2,1994.81
10551,2022-07-03 08:00:00,Home,Product_152,South,Agent_12,9,339.67,11.7,Bank Transfer,68.0,4.1,2699.36
10552,2022-07-03 16:00:00,Electronics,Product_403,South,Agent_09,17,205.48,,Debit Card,73.0,2.3,3217.2
10553,2022-07-04 00:00:00,Sports,Product_168,West,Agent_04,27,466.11,10.3,PayPal,26.0,2.9,11288.72
10554,2022-07-04 08:00:00,Sports,Product_460,,Agent_08,47,49.06,12.3,Credit Card,27.0,4.9,2022.2
10555,2022-07-04 16:00:00,Electronics,Product_701,West,Agent_03,2,258.21,21.6,Cash,63.0,3.7,404.87
10556,2022-07-05 00:00:00,Sports,Product_319,West,Agent_07,36,459.67,15.3,Bank Transfer,67.0,1.6,14016.26
10557,2022-07-05 08:00:00,Toys,Product_803,South,Agent_03,19,452.54,28.3,Debit Card,64.0,1.5,6164.95
10558,2022-07-05 16:00:00,Toys,Product_674,West,Agent_12,17,82.48,1.3,PayPal,43.0,1.8,1383.93
10559,2022-07-06 00:00:00,Sports,Product_684,South,Agent_15,5,186.49,15.1,PayPal,18.0,4.1,791.65
10560,2022-07-06 08:00:00,Home,Product_260,North,Agent_15,39,311.47,17.5,Credit Card,,2.2,10021.55
10561,2022-07-06 16:00:00,Sports,Product_780,Central,Agent_07,18,83.9,27.6,Bank Transfer,74.0,1.1,1093.38
10562,2022-07-07 00:00:00,Toys,Product_188,West,Agent_14,7,484.17,1.5,Credit Card,55.0,4.8,3338.35
10563,2022-07-07 08:00:00,Food,Product_787,South,Agent_11,17,457.8,17.2,Cash,32.0,1.7,6443.99
10564,2022-07-07 16:00:00,Books,Product_880,East,Agent_10,39,87.64,,Cash,42.0,1.0,2542.96
10565,2022-07-08 00:00:00,Clothing,Product_684,West,Agent_10,36,64.97,7.3,Cash,23.0,1.9,2168.18
10566,2022-07-08 08:00:00,Food,Product_856,North,Agent_11,40,47.28,26.3,PayPal,35.0,1.9,1393.81
10567,2022-07-08 16:00:00,Sports,Product_688,North,Agent_11,45,455.17,0.6,Bank Transfer,18.0,2.7,20359.75
10568,2022-07-09 00:00:00,Home,Product_258,East,Agent_06,4,100.84,22.0,Credit Card,73.0,4.7,314.62
10569,2022-07-09 08:00:00,Electronics,Product_588,South,Agent_02,38,211.06,28.0,Credit Card,20.0,4.5,5774.6
10570,2022-07-09 16:00:00,Sports,Product_423,West,Agent_11,25,227.18,19.7,Cash,34.0,2.8,4560.64
10571,2022-07-10 00:00:00,Home,Product_709,South,Agent_03,5,301.51,13.2,Bank Transfer,65.0,2.6,1308.55
10572,2022-07-10 08:00:00,Books,Product_480,North,Agent_06,30,40.51,1.3,Bank Transfer,25.0,3.2,1199.5
10573,2022-07-10 16:00:00,Sports,Product_201,South,Agent_14,12,117.25,27.6,Debit Card,66.0,2.0,1018.67
10574,2022-07-11 00:00:00,Toys,Product_593,North,Agent_04,4,466.09,14.1,Bank Transfer,57.0,1.2,1601.49
10575,2022-07-11 08:00:00,Electronics,Product_743,South,Agent_06,24,454.66,0.9,Bank Transfer,34.0,4.8,10813.63
10576,2022-07-11 16:00:00,Home,Product_713,East,Agent_01,29,391.74,20.7,Credit Card,42.0,1.7,9008.84
10577,2022-07-12 00:00:00,Home,Product_118,Central,Agent_10,9,14.6,14.5,Bank Transfer,58.0,1.8,112.35
10578,2022-07-12 08:00:00,Home,Product_553,East,Agent_12,4,166.87,3.7,Bank Transfer,29.0,,642.78
10579,2022-07-12 16:00:00,Books,Product_581,East,Agent_01,24,315.84,6.4,Credit Card,46.0,3.0,7095.03
10580,2022-07-13 00:00:00,Sports,Product_693,Central,Agent_03,14,141.22,1.9,Bank Transfer,42.0,1.1,1939.52
10581,2022-07-13 08:00:00,Books,Product_496,Central,Agent_08,5,455.25,,Credit Card,68.0,1.6,1884.74
10582,2022-07-13 16:00:00,Clothing,Product_378,West,Agent_08,18,318.78,18.7,Debit Card,53.0,2.5,4665.03
10583,2022-07-14 00:00:00,Clothing,Product_950,West,Agent_11,42,40.59,15.2,PayPal,70.0,,1445.65
10584,2022-07-14 08:00:00,Sports,Product_464,East,Agent_04,19,454.96,,Credit Card,,1.9,6526.4
10585,2022-07-14 16:00:00,Toys,Product_430,East,Agent_06,12,479.09,25.8,Credit Card,42.0,2.7,4265.82
10586,2022-07-15 00:00:00,Books,Product_740,North,Agent_15,18,43.47,18.5,Bank Transfer,46.0,,637.7
10587,2022-07-15 08:00:00,Electronics,Product_443,North,Agent_08,17,268.52,,Credit Card,28.0,4.6,4546.58
10588,2022-07-15 16:00:00,Home,Product_921,West,Agent_07,30,155.17,,Cash,21.0,2.3,3682.18
10589,2022-07-16 00:00:00,Home,Product_554,West,Agent_11,24,199.46,12.5,Cash,31.0,1.5,4188.66
10590,2022-07-16 08:00:00,Sports,Product_700,North,Agent_07,11,93.93,17.0,Debit Card,63.0,3.0,857.58
10591,2022-07-16 16:00:00,Toys,Product_824,North,Agent_13,35,291.15,19.5,Credit Card,55.0,4.0,8203.15
10592,2022-07-17 00:00:00,Clothing,Product_754,South,Agent_04,23,479.2,10.5,Bank Transfer,34.0,1.4,9864.33
10593,2022-07-17 08:00:00,Clothing,Product_164,South,Agent_09,17,254.02,27.5,Bank Transfer,19.0,2.7,3130.8
10594,2022-07-17 16:00:00,Home,Product_175,North,Agent_12,1,46.04,4.0,PayPal,25.0,1.1,44.2
10595,2022-07-18 00:00:00,Sports,Product_810,South,Agent_10,15,311.9,20.1,Debit Card,53.0,1.1,3738.12
10596,2022-07-18 08:00:00,Books,Product_242,Central,Agent_06,32,173.41,0.1,Bank Transfer,27.0,2.9,5543.57
10597,2022-07-18 16:00:00,Clothing,Product_927,West,Agent_14,9,428.68,27.7,PayPal,24.0,2.2,2789.42
10598,2022-07-19 00:00:00,Books,Product_704,West,Agent_12,15,220.17,3.4,Bank Transfer,53.0,4.4,3190.26
10599,2022-07-19 08:00:00,Toys,Product_572,North,Agent_11,28,100.46,2.8,PayPal,33.0,3.4,2734.12
10600,2022-07-19 16:00:00,Clothing,Product_516,East,Agent_03,24,99.6,10.0,Cash,31.0,2.8,2151.36
10601,2022-07-20 00:00:00,Clothing,Product_404,North,Agent_05,35,385.54,11.2,Cash,33.0,2.6,11982.58
10602,2022-07-20 08:00:00,Food,Product_835,South,Agent_05,22,136.47,6.4,Bank Transfer,42.0,,2810.19
10603,2022-07-20 16:00:00,Clothing,Product_596,East,Agent_14,27,384.78,,Debit Card,58.0,1.2,8560.59
10604,2022-07-21 00:00:00,Electronics,Product_390,South,Agent_05,19,106.91,13.3,Credit Card,21.0,4.6,1761.13
10605,2022-07-21 08:00:00,Sports,Product_201,Central,Agent_08,45,164.23,1.0,Debit Card,46.0,5.0,7316.45
10606,2022-07-21 16:00:00,Sports,Product_366,South,Agent_09,12,235.42,9.6,Debit Card,73.0,1.7,2553.84
10607,2022-07-22 00:00:00,Books,Product_966,Central,Agent_13,20,471.88,24.3,Credit Card,23.0,1.5,7144.26
10608,2022-07-22 08:00:00,Toys,Product_721,Central,Agent_09,1,466.21,20.7,Cash,18.0,1.6,369.7
10609,2022-07-22 16:00:00,Clothing,Product_941,South,Agent_13,21,107.4,21.7,Cash,56.0,3.6,1765.98
10610,2022-07-23 00:00:00,Electronics,Product_876,South,Agent_06,49,182.32,20.9,Credit Card,18.0,3.6,7066.54
10611,2022-07-23 08:00:00,Books,Product_102,Central,Agent_06,45,78.95,,PayPal,68.0,4.4,3222.34
10612,2022-07-23 16:00:00,Food,Product_184,East,Agent_09,1,257.44,3.0,Debit Card,57.0,4.0,249.72
10613,2022-07-24 00:00:00,Books,Product_893,Central,Agent_04,10,232.99,8.2,Bank Transfer,74.0,2.8,2138.85
10614,2022-07-24 08:00:00,Books,Product_427,West,Agent_06,47,450.88,,Cash,20.0,3.5,15893.52
10615,2022-07-24 16:00:00,Clothing,Product_915,Central,Agent_04,32,465.35,29.4,Bank Transfer,18.0,3.8,10513.19
10616,2022-07-25 00:00:00,Food,Product_549,,Agent_11,39,194.87,14.8,Credit Card,,3.1,6475.14
10617,2022-07-25 08:00:00,Books,Product_553,West,Agent_01,22,248.41,0.3,Bank Transfer,56.0,2.9,5448.62
10618,2022-07-25 16:00:00,Electronics,Product_728,North,Agent_07,18,448.64,4.2,Bank Transfer,38.0,3.6,7736.35
10619,2022-07-26 00:00:00,Electronics,Product_320,North,Agent_14,48,404.32,9.7,Debit Card,62.0,3.2,17524.85
10620,2022-07-26 08:00:00,Sports,Product_253,East,Agent_10,46,6.81,17.4,Credit Card,47.0,3.6,258.75
10621,2022-07-26 16:00:00,Food,Product_764,Central,Agent_11,32,163.43,,Bank Transfer,49.0,3.5,5109.48
10622,2022-07-27 00:00:00,Food,Product_111,South,Agent_12,27,213.78,28.3,Cash,50.0,3.9,4138.57
10623,2022-07-27 08:00:00,Sports,Product_232,East,Agent_06,28,118.71,11.0,Credit Card,65.0,,2958.25
10624,2022-07-27 16:00:00,Books,Product_403,West,Agent_09,18,103.79,27.4,Cash,39.0,3.1,1356.33
10625,2022-07-28 00:00:00,Food,Product_392,West,Agent_07,39,23.7,23.4,PayPal,47.0,3.7,708.01
10626,2022-07-28 08:00:00,Electronics,Product_399,North,Agent_13,49,323.47,22.7,Bank Transfer,71.0,2.8,12252.07
10627,2022-07-28 16:00:00,Electronics,Product_839,West,Agent_07,29,134.94,18.2,Credit Card,63.0,2.0,3201.05
10628,2022-07-29 00:00:00,Clothing,Product_882,East,Agent_02,18,30.91,18.8,Cash,21.0,1.0,451.78
10629,2022-07-29 08:00:00,Food,Product_142,West,Agent_12,44,119.33,19.1,Bank Transfer,40.0,3.2,4247.67
10630,2022-07-29 16:00:00,Books,Product_442,East,Agent_11,8,401.95,18.9,Debit Card,72.0,3.4,2607.85
10631,2022-07-30 00:00:00,Sports,Product_425,South,Agent_15,31,426.49,16.6,Cash,61.0,,11026.47
10632,2022-07-30 08:00:00,Sports,Product_913,North,Agent_09,34,244.12,29.6,Cash,42.0,2.4,5843.26
10633,2022-07-30 16:00:00,Books,Product_597,West,Agent_10,7,210.95,22.0,PayPal,29.0,2.6,1151.79
10634,2022-07-31 00:00:00,Toys,Product_463,East,Agent_09,36,489.04,23.3,Debit Card,34.0,1.8,13503.37
10635,2022-07-31 08:00:00,Home,Product_990,Central,Agent_06,18,104.28,26.2,PayPal,70.0,1.3,1385.26
10636,2022-07-31 16:00:00,Clothing,Product_526,North,Agent_13,38,111.6,6.5,Debit Card,32.0,4.1,3965.15
10637,2022-08-01 00:00:00,Sports,Product_120,South,Agent_03,9,149.47,2.5,Cash,27.0,,1311.6
10638,2022-08-01 08:00:00,Food,Product_506,East,Agent_01,9,90.51,14.5,PayPal,52.0,3.4,696.47
10639,2022-08-01 16:00:00,Clothing,Product_718,South,Agent_04,46,192.79,15.4,Bank Transfer,72.0,3.8,7502.62
10640,2022-08-02 00:00:00,Food,Product_435,South,Agent_14,8,455.86,24.9,Debit Card,69.0,2.9,2738.81
10641,2022-08-02 08:00:00,Toys,Product_914,West,Agent_14,35,309.6,13.3,Cash,69.0,4.5,9394.81
10642,2022-08-02 16:00:00,Electronics,Product_216,West,Agent_03,18,208.91,17.1,Credit Card,46.0,2.8,3117.36
10643,2022-08-03 00:00:00,Clothing,Product_223,East,Agent_14,5,467.53,15.8,Debit Card,29.0,2.1,1968.3
10644,2022-08-03 08:00:00,Sports,Product_498,Central,Agent_12,14,28.99,1.1,Debit Card,18.0,4.6,401.4
10645,2022-08-03 16:00:00,Clothing,Product_892,East,Agent_01,28,109.09,18.5,Bank Transfer,18.0,4.4,2489.43
10646,2022-08-04 00:00:00,Clothing,Product_903,Central,Agent_03,30,285.11,24.8,Debit Card,27.0,1.7,6432.08
10647,2022-08-04 08:00:00,Clothing,Product_814,South,Agent_14,4,309.7,,Debit Card,35.0,1.1,1180.58
10648,2022-08-04 16:00:00,Home,Product_150,,Agent_14,39,24.58,17.8,Bank Transfer,64.0,1.4,787.99
10649,2022-08-05 00:00:00,Clothing,Product_882,East,Agent_04,20,204.5,17.8,Bank Transfer,19.0,2.1,3361.98
10650,2022-08-05 08:00:00,Food,Product_423,East,Agent_13,25,326.33,4.9,PayPal,66.0,4.9,7758.5
10651,2022-08-05 16:00:00,Electronics,Product_888,Central,Agent_13,28,350.54,3.7,Cash,25.0,,9451.96
10652,2022-08-06 00:00:00,Toys,Product_240,South,Agent_15,12,320.88,29.4,Cash,39.0,2.5,2718.5
10653,2022-08-06 08:00:00,Books,Product_569,South,Agent_14,2,163.68,11.8,PayPal,39.0,4.6,288.73
10654,2022-08-06 16:00:00,Clothing,Product_886,Central,Agent_08,43,51.29,6.8,Cash,43.0,2.8,2055.5
10655,2022-08-07 00:00:00,Sports,Product_901,South,Agent_09,14,216.42,5.1,Debit Card,43.0,2.3,2875.36
10656,2022-08-07 08:00:00,Clothing,Product_433,West,Agent_03,22,68.73,20.0,PayPal,26.0,4.8,1209.65
10657,2022-08-07 16:00:00,Sports,Product_992,North,Agent_06,31,474.07,18.3,PayPal,,4.4,12006.77
10658,2022-08-08 00:00:00,Food,Product_472,East,Agent_10,23,240.21,19.3,Cash,,4.4,4458.54
10659,2022-08-08 08:00:00,Sports,Product_663,North,Agent_11,48,162.04,2.6,Credit Card,69.0,3.0,7575.69
10660,2022-08-08 16:00:00,Books,Product_593,East,Agent_15,20,384.32,26.8,Cash,60.0,4.2,5626.44
10661,2022-08-09 00:00:00,ELECTRONICS,Product_638,West,Agent_05,38,251.48,,Credit Card,23.0,1.7,8438.16
10662,2022-08-09 08:00:00,Sports,Product_768,South,Agent_06,4,158.47,9.4,PayPal,73.0,3.3,574.3
10663,2022-08-09 16:00:00,Sports,Product_850,Central,Agent_04,15,406.92,,Credit Card,31.0,4.9,5255.37
10664,2022-08-10 00:00:00,Electronics,Product_255,West,Agent_10,24,434.24,11.7,Debit Card,50.0,2.2,9202.41
10665,2022-08-10 08:00:00,Books,Product_390,North,Agent_06,25,338.14,25.9,Bank Transfer,24.0,4.2,6264.04
10666,2022-08-10 16:00:00,Clothing,Product_747,Central,Agent_07,1,28.25,27.9,Credit Card,41.0,3.0,20.37
10667,2022-08-11 00:00:00,Sports,Product_243,South,Agent_09,7,285.33,9.1,Bank Transfer,26.0,1.2,1815.55
10668,2022-08-11 08:00:00,Electronics,Product_205,West,Agent_10,31,382.83,25.9,Debit Card,28.0,4.1,8793.99
10669,2022-08-11 16:00:00,Food,Product_519,Central,Agent_07,12,72.57,23.4,Bank Transfer,73.0,1.7,667.06
10670,2022-08-12 00:00:00,Electronics,Product_769,West,Agent_06,42,118.19,27.9,Debit Card,40.0,3.5,3579.03
10671,2022-08-12 08:00:00,Food,Product_757,West,Agent_01,5,441.84,7.4,Bank Transfer,65.0,1.3,2045.72
10672,2022-08-12 16:00:00,Books,Product_101,South,Agent_02,44,14.96,17.3,Bank Transfer,68.0,4.8,544.36
10673,2022-08-13 00:00:00,Clothing,Product_688,East,Agent_01,42,377.6,8.2,Cash,19.0,2.2,14558.75
10674,2022-08-13 08:00:00,Electronics,Product_743,Central,Agent_09,38,239.52,24.7,Credit Card,32.0,1.9,6853.63
10675,2022-08-13 16:00:00,Toys,Product_189,South,Agent_10,12,226.15,0.2,Bank Transfer,52.0,1.5,2708.37
10676,2022-08-14 00:00:00,Toys,Product_444,West,Agent_10,39,8.51,16.9,PayPal,53.0,4.8,275.8
10677,2022-08-14 08:00:00,Home,Product_449,South,Agent_09,18,410.6,10.2,Cash,69.0,3.8,6636.94
10678,2022-08-14 16:00:00,Sports,Product_558,East,Agent_07,2,183.11,9.7,Credit Card,71.0,4.0,330.7
10679,2022-08-15 00:00:00,Books,Product_362,Central,Agent_13,10,272.68,19.3,Cash,45.0,3.0,2200.53
10680,2022-08-15 08:00:00,Electronics,Product_450,East,Agent_02,15,340.26,25.5,Credit Card,56.0,2.9,3802.41
10681,2022-08-15 16:00:00,Toys,Product_207,North,Agent_06,30,352.8,18.3,Debit Card,61.0,1.4,8647.13
10682,2022-08-16 00:00:00,Sports,Product_685,Central,Agent_11,44,478.21,,Bank Transfer,21.0,3.2,15654.68
10683,2022-08-16 08:00:00,Toys,Product_138,East,Agent_04,17,268.01,7.9,PayPal,27.0,2.0,4196.23
10684,2022-08-16 16:00:00,Electronics,Product_258,West,Agent_01,4,202.86,15.6,Cash,23.0,4.9,684.86
10685,2022-08-17 00:00:00,Food,Product_682,Central,Agent_01,7,477.08,13.5,Cash,74.0,4.2,2888.72
10686,2022-08-17 08:00:00,Electronics,Product_411,Central,Agent_12,41,322.84,0.3,Cash,47.0,2.7,13196.73
10687,2022-08-17 16:00:00,Home,Product_340,South,Agent_05,31,152.58,16.7,Cash,71.0,1.6,3940.07
10688,2022-08-18 00:00:00,Electronics,Product_544,West,Agent_12,39,67.6,19.8,Bank Transfer,63.0,4.1,2114.39
10689,2022-08-18 08:00:00,Electronics,Product_397,North,Agent_02,34,422.06,17.8,Credit Card,52.0,1.5,11795.73
10690,2022-08-18 16:00:00,Home,Product_135,East,Agent_04,6,184.28,22.1,Bank Transfer,66.0,1.8,861.32
10691,2022-08-19 00:00:00,Books,Product_183,South,Agent_01,38,331.93,17.1,Debit Card,,1.8,10456.46
10692,2022-08-19 08:00:00,Electronics,Product_551,East,Agent_04,45,238.05,2.0,Bank Transfer,27.0,3.2,10498.0
10693,2022-08-19 16:00:00,Home,Product_985,North,Agent_11,34,103.47,3.5,Bank Transfer,70.0,4.1,3394.85
10694,2022-08-20 00:00:00,Sports,Product_874,North,Agent_06,44,302.83,17.9,Debit Card,,2.3,10939.43
10695,2022-08-20 08:00:00,Food,Product_921,Central,Agent_10,15,35.04,8.2,Bank Transfer,59.0,1.3,482.5
10696,2022-08-20 16:00:00,Food,Product_484,North,Agent_04,14,209.6,2.4,Credit Card,,2.9,2863.97
10697,2022-08-21 00:00:00,Electronics,Product_271,East,Agent_01,6,275.57,12.9,PayPal,,4.0,1440.13
10698,2022-08-21 08:00:00,Books,Product_475,West,Agent_07,37,220.84,16.6,Debit Card,73.0,1.9,6814.68
10699,2022-08-21 16:00:00,Books,Product_784,West,Agent_14,32,375.59,9.9,Cash,43.0,1.9,10829.01
10700,2022-08-22 00:00:00,Sports,Product_461,Central,Agent_02,3,414.82,21.6,Credit Card,,,975.66
10701,2022-08-22 08:00:00,Electronics,Product_658,East,Agent_09,3,386.77,19.3,PayPal,34.0,4.8,936.37
10702,2022-08-22 16:00:00,Food,Product_990,East,Agent_13,22,24.21,10.0,Credit Card,44.0,5.0,479.36
10703,2022-08-23 00:00:00,Books,Product_240,North,Agent_03,22,101.09,22.6,Credit Card,35.0,4.2,1721.36
10704,2022-08-23 08:00:00,Electronics,Product_986,East,Agent_08,10,270.62,,Cash,68.0,1.8,2178.49
10705,2022-08-23 16:00:00,Toys,Product_217,South,Agent_13,3,467.74,19.1,PayPal,36.0,,1135.2
10706,2022-08-24 00:00:00,Books,Product_376,North,Agent_08,12,418.3,16.6,Credit Card,29.0,2.4,4186.35
10707,2022-08-24 08:00:00,Home,Product_825,South,Agent_03,29,422.05,0.3,Cash,41.0,2.3,12202.73
10708,2022-08-24 16:00:00,Toys,Product_319,Central,Agent_04,48,155.09,20.9,Debit Card,22.0,4.8,5888.46
10709,2022-08-25 00:00:00,Books,Product_125,West,Agent_02,17,217.58,11.3,Cash,41.0,4.2,3280.89
10710,2022-08-25 08:00:00,Food,Product_620,Central,Agent_04,7,238.0,28.3,Bank Transfer,,3.9,1194.52
10711,2022-08-25 16:00:00,Clothing,Product_882,West,Agent_11,13,82.9,,Cash,65.0,1.7,813.66
10712,2022-08-26 00:00:00,Toys,Product_109,Central,Agent_11,2,20.38,17.6,Cash,,4.6,33.59
10713,2022-08-26 08:00:00,Sports,Product_477,East,Agent_11,4,473.72,7.6,Cash,32.0,4.3,1750.87
10714,2022-08-26 16:00:00,Sports,Product_732,South,Agent_14,10,124.15,6.1,Credit Card,64.0,1.7,1165.77
10715,2022-08-27 00:00:00,Food,Product_736,West,Agent_09,39,123.77,10.2,PayPal,55.0,4.5,4334.67
10716,2022-08-27 08:00:00,Books,Product_781,North,Agent_02,24,46.27,,Cash,61.0,2.1,951.68
10717,2022-08-27 16:00:00,Electronics,Product_683,South,Agent_12,17,464.61,,Cash,51.0,1.3,7195.42
10718,2022-08-28 00:00:00,Books,Product_251,North,Agent_12,6,291.97,15.4,Bank Transfer,44.0,3.6,1482.04
10719,2022-08-28 08:00:00,Food,Product_819,South,Agent_13,19,335.18,5.0,Bank Transfer,37.0,3.6,6050.0
10720,2022-08-28 16:00:00,Sports,Product_148,South,Agent_03,5,456.23,29.3,Debit Card,58.0,1.4,1612.77
10721,2022-08-29 00:00:00,Books,Product_253,Central,Agent_15,32,176.08,3.2,Debit Card,49.0,2.3,5454.25
10722,2022-08-29 08:00:00,Sports,Product_958,West,Agent_11,10,312.65,28.0,Bank Transfer,21.0,5.0,2251.08
10723,2022-08-29 16:00:00,Toys,Product_392,West,Agent_11,9,24.21,27.4,PayPal,22.0,3.7,158.19
10724,2022-08-30 00:00:00,Electronics,Product_679,South,Agent_15,27,97.45,15.8,Debit Card,70.0,3.9,2215.43
10725,2022-08-30 08:00:00,Toys,Product_149,East,Agent_04,13,416.47,21.7,PayPal,,1.9,4239.25
10726,2022-08-30 16:00:00,Sports,Product_763,East,Agent_05,19,384.55,13.1,Bank Transfer,39.0,1.3,6349.31
10727,2022-08-31 00:00:00,Sports,Product_630,North,Agent_01,21,178.57,18.9,Debit Card,59.0,2.1,3041.23
10728,2022-08-31 08:00:00,Clothing,Product_711,North,Agent_07,24,191.52,10.2,Cash,24.0,2.0,4127.64
10729,2022-08-31 16:00:00,Clothing,Product_159,Central,Agent_14,38,269.11,9.0,Bank Transfer,39.0,1.9,9305.82
10730,2022-09-01 00:00:00,Toys,Product_266,South,Agent_10,4,5.12,17.3,Debit Card,63.0,1.8,16.94
10731,2022-09-01 08:00:00,Home,Product_301,North,Agent_07,24,124.42,14.9,PayPal,,3.3,2541.15
10732,2022-09-01 16:00:00,Toys,Product_956,North,Agent_09,35,108.07,17.4,PayPal,54.0,2.3,3124.3
10733,2022-09-02 00:00:00,Clothing,Product_245,South,Agent_04,3,128.99,8.6,Debit Card,33.0,4.3,353.69
10734,2022-09-02 08:00:00,Sports,Product_775,Central,Agent_14,4,403.92,11.0,PayPal,32.0,1.7,1437.96
10735,2022-09-02 16:00:00,Food,Product_538,North,Agent_14,37,143.44,2.5,Debit Card,22.0,2.9,5174.6
10736,2022-09-03 00:00:00,Toys,Product_341,Central,Agent_06,40,99.8,1.6,Debit Card,20.0,1.1,3928.13
10737,2022-09-03 08:00:00,Sports,Product_680,West,Agent_11,48,254.61,,PayPal,40.0,2.9,11292.46
10738,2022-09-03 16:00:00,Food,Product_786,Central,Agent_02,35,433.49,2.2,Credit Card,27.0,1.2,14838.36
10739,2022-09-04 00:00:00,Food,Product_660,East,Agent_12,31,124.47,3.1,Cash,22.0,,3738.95
10740,2022-09-04 08:00:00,Clothing,Product_582,East,Agent_12,44,43.88,24.4,Bank Transfer,40.0,4.2,1459.62
10741,2022-09-04 16:00:00,Toys,Product_207,Central,Agent_14,25,181.42,1.2,Cash,32.0,3.0,4481.07
10742,2022-09-05 00:00:00,Books,Product_325,East,Agent_04,40,375.09,19.8,Bank Transfer,35.0,1.3,12032.89
10743,2022-09-05 08:00:00,Electronics,Product_772,,Agent_02,13,277.59,,Bank Transfer,42.0,3.4,3312.76
10744,2022-09-05 16:00:00,Clothing,Product_730,South,Agent_10,4,409.31,26.1,Cash,25.0,4.0,1209.92
10745,2022-09-06 00:00:00,Clothing,Product_760,East,Agent_05,46,480.0,14.5,Debit Card,48.0,1.8,18878.4
10746,2022-09-06 08:00:00,Books,Product_761,East,Agent_15,14,397.37,9.2,PayPal,38.0,3.3,5051.37
10747,2022-09-06 16:00:00,Electronics,Product_531,Central,Agent_07,13,303.88,15.5,Credit Card,19.0,4.3,3338.12
10748,2022-09-07 00:00:00,Sports,Product_904,West,Agent_13,27,249.2,11.5,Credit Card,39.0,4.1,5954.63
10749,2022-09-07 08:00:00,Home,Product_754,South,Agent_01,6,24.83,16.9,Credit Card,25.0,4.2,123.8
10750,2022-09-07 16:00:00,Toys,Product_518,Central,Agent_15,17,492.24,3.4,Cash,40.0,4.5,8083.57
10751,2022-09-08 00:00:00,Home,Product_554,Central,Agent_10,36,194.82,29.9,Cash,49.0,4.8,4916.48
10752,2022-09-08 08:00:00,Sports,Product_259,West,Agent_10,40,80.35,12.8,Debit Card,25.0,2.6,2802.61
10753,2022-09-08 16:00:00,Clothing,Product_622,South,Agent_07,49,335.02,10.4,Credit Card,21.0,,14708.72
10754,2022-09-09 00:00:00,Electronics,Product_749,West,Agent_10,35,145.72,21.3,Debit Card,,4.2,4013.86
10755,2022-09-09 08:00:00,Clothing,Product_689,South,Agent_13,17,294.96,10.9,Credit Card,36.0,3.8,4467.76
10756,2022-09-09 16:00:00,Food,Product_176,West,Agent_06,41,295.45,25.0,Cash,40.0,5.0,9085.09
10757,2022-09-10 00:00:00,Clothing,Product_608,Central,Agent_06,2,225.64,13.6,PayPal,35.0,1.1,389.91
10758,2022-09-10 08:00:00,Clothing,Product_540,Central,Agent_12,13,418.88,21.6,PayPal,,2.4,4269.22
10759,2022-09-10 16:00:00,Sports,Product_353,North,Agent_08,2,136.16,3.2,PayPal,46.0,2.1,263.61
10760,2022-09-11 00:00:00,Sports,Product_869,East,Agent_08,28,227.07,,PayPal,40.0,2.0,4743.04
10761,2022-09-11 08:00:00,Sports,Product_419,West,Agent_06,43,271.16,22.1,Bank Transfer,50.0,,9083.05
10762,2022-09-11 16:00:00,Home,Product_902,North,Agent_03,26,333.49,6.4,Credit Card,69.0,3.8,8115.81
10763,2022-09-12 00:00:00,Food,Product_362,East,Agent_05,22,393.07,4.4,PayPal,,1.3,8267.05
10764,2022-09-12 08:00:00,Sports,Product_696,,Agent_02,47,200.43,9.5,Bank Transfer,35.0,4.0,8525.29
10765,2022-09-12 16:00:00,Electronics,Product_757,South,Agent_15,43,324.79,29.3,Bank Transfer,71.0,3.8,9873.94
10766,2022-09-13 00:00:00,Home,Product_934,East,Agent_14,3,79.55,7.7,Bank Transfer,61.0,2.0,220.27
10767,2022-09-13 08:00:00,Books,Product_653,Central,Agent_05,35,466.66,13.7,Debit Card,50.0,2.0,14095.47
10768,2022-09-13 16:00:00,Electronics,Product_473,North,Agent_14,12,194.61,0.9,Debit Card,24.0,3.5,2314.3
10769,2022-09-14 00:00:00,Toys,Product_736,East,Agent_09,24,366.11,11.9,Bank Transfer,68.0,4.0,7741.03
10770,2022-09-14 08:00:00,Toys,Product_266,East,Agent_10,5,15.07,17.1,PayPal,45.0,4.5,62.47
10771,2022-09-14 16:00:00,Electronics,Product_852,Central,Agent_01,20,106.57,28.6,Credit Card,18.0,4.4,1521.82
10772,2022-09-15 00:00:00,Sports,Product_558,,Agent_10,39,246.11,15.5,Cash,73.0,4.9,8110.56
10773,2022-09-15 08:00:00,Books,Product_379,South,Agent_05,39,439.73,24.6,Debit Card,56.0,3.3,12930.7
10774,2022-09-15 16:00:00,Books,Product_799,Central,Agent_12,13,265.99,16.4,PayPal,51.0,4.6,2890.78
10775,2022-09-16 00:00:00,Home,Product_401,South,Agent_06,41,465.29,1.2,PayPal,56.0,4.2,18847.97
10776,2022-09-16 08:00:00,Books,Product_630,West,Agent_14,45,244.48,9.5,Cash,36.0,4.6,9956.45
10777,2022-09-16 16:00:00,Toys,Product_679,East,Agent_11,12,247.77,17.3,Cash,48.0,1.0,2458.87
10778,2022-09-17 00:00:00,Food,Product_317,South,Agent_07,13,64.27,28.5,PayPal,30.0,4.9,597.39
10779,2022-09-17 08:00:00,Sports,Product_201,North,Agent_09,10,402.31,25.8,Cash,74.0,2.9,2985.14
10780,2022-09-17 16:00:00,Books,Product_653,North,Agent_06,33,127.25,6.9,PayPal,41.0,4.2,3909.5
10781,2022-09-18 00:00:00,Home,Product_387,Central,Agent_05,40,450.31,6.6,Cash,22.0,1.5,16823.58
10782,2022-09-18 08:00:00,Toys,Product_266,West,Agent_12,16,455.86,6.0,Cash,40.0,2.6,6856.13
10783,2022-09-18 16:00:00,Food,Product_720,Central,Agent_07,45,471.94,27.7,PayPal,36.0,2.1,15354.57
10784,2022-09-19 00:00:00,Clothing,Product_135,Central,Agent_13,35,262.51,25.6,Bank Transfer,18.0,2.2,6835.76
10785,2022-09-19 08:00:00,Clothing,Product_843,Central,Agent_01,3,340.16,23.2,PayPal,50.0,1.5,783.73
10786,2022-09-19 16:00:00,Food,Product_840,North,Agent_11,5,390.37,11.8,Credit Card,67.0,4.2,1721.53
10787,2022-09-20 00:00:00,Toys,Product_452,North,Agent_14,26,69.85,15.1,Cash,,1.0,1541.87
10788,2022-09-20 08:00:00,Home,Product_775,Central,Agent_05,11,302.47,13.9,Debit Card,50.0,2.3,2864.69
10789,2022-09-20 16:00:00,Food,Product_998,North,Agent_15,7,21.98,7.6,Cash,49.0,,142.17
10790,2022-09-21 00:00:00,Sports,Product_172,West,Agent_02,10,251.3,15.2,Credit Card,45.0,3.4,2131.02
10791,2022-09-21 08:00:00,Sports,Product_747,Central,Agent_04,42,81.65,0.9,Debit Card,54.0,2.0,3398.44
10792,2022-09-21 16:00:00,Clothing,Product_452,North,Agent_07,34,95.55,,Debit Card,58.0,2.0,3118.75
10793,2022-09-22 00:00:00,Books,Product_990,South,Agent_05,3,185.7,26.6,PayPal,29.0,3.0,408.91
10794,2022-09-22 08:00:00,Home,Product_169,Central,Agent_12,8,219.06,22.6,Bank Transfer,26.0,3.6,1356.42
10795,2022-09-22 16:00:00,Clothing,Product_524,Central,Agent_06,31,313.47,12.7,PayPal,67.0,1.5,8483.44
10796,2022-09-23 00:00:00,Books,Product_807,West,Agent_02,11,41.84,15.5,Debit Card,72.0,1.7,388.9
10797,2022-09-23 08:00:00,Books,Product_880,East,Agent_03,45,254.33,11.1,Debit Card,28.0,,10174.47
10798,2022-09-23 16:00:00,Sports,Product_660,East,Agent_07,7,95.4,22.2,Bank Transfer,50.0,4.9,519.55
10799,2022-09-24 00:00:00,Toys,Product_927,West,Agent_11,45,289.12,,Cash,36.0,2.6,9952.96
10800,2022-09-24 08:00:00,Electronics,Product_741,West,Agent_02,2,320.52,22.9,Bank Transfer,71.0,3.4,494.24
10801,2022-09-24 16:00:00,Toys,Product_616,West,Agent_12,6,280.57,21.7,PayPal,74.0,2.0,1318.12
10802,2022-09-25 00:00:00,Electronics,Product_527,East,Agent_06,41,370.46,6.1,Cash,59.0,3.0,14262.34
10803,2022-09-25 08:00:00,Food,Product_638,West,Agent_05,32,171.13,10.1,PayPal,51.0,1.3,4923.07
10804,2022-09-25 16:00:00,Sports,Product_259,North,Agent_10,20,383.73,14.1,Bank Transfer,,1.1,6592.48
10805,2022-09-26 00:00:00,Books,Product_248,Central,Agent_01,34,219.22,9.9,Cash,48.0,2.9,6715.59
10806,2022-09-26 08:00:00,Home,Product_875,Central,Agent_12,16,244.67,22.6,Bank Transfer,69.0,2.6,3029.99
10807,2022-09-26 16:00:00,Electronics,Product_329,South,Agent_11,25,325.81,9.9,Credit Card,19.0,1.5,7338.87
10808,2022-09-27 00:00:00,Toys,Product_811,South,Agent_15,12,14.09,4.1,Debit Card,36.0,3.8,162.15
10809,2022-09-27 08:00:00,Books,Product_661,Central,Agent_10,7,328.73,12.0,Cash,55.0,5.0,2024.98
10810,2022-09-27 16:00:00,Electronics,Product_166,North,Agent_11,39,311.2,29.4,Debit Card,49.0,,8568.58
10811,2022-09-28 00:00:00,Electronics,Product_911,East,Agent_04,17,158.37,6.8,Credit Card,27.0,,2509.21
10812,2022-09-28 08:00:00,Electronics,Product_480,East,Agent_11,45,47.47,18.4,Cash,58.0,4.9,1743.1
10813,2022-09-28 16:00:00,Home,Product_157,North,Agent_02,11,50.01,13.0,Debit Card,25.0,,478.6
10814,2022-09-29 00:00:00,Sports,Product_358,East,Agent_04,6,462.0,2.1,Debit Card,43.0,2.9,2713.79
10815,2022-09-29 08:00:00,Home,Product_441,West,Agent_01,23,346.19,14.6,Cash,47.0,3.9,6799.86
10816,2022-09-29 16:00:00,Clothing,Product_937,,Agent_02,27,67.92,21.1,Debit Card,28.0,1.5,1446.9
10817,2022-09-30 00:00:00,Books,Product_229,Central,Agent_13,46,181.58,15.4,Debit Card,58.0,3.0,7066.37
10818,2022-09-30 08:00:00,Sports,Product_826,North,Agent_08,6,298.28,,Cash,37.0,2.1,1320.78
10819,2022-09-30 16:00:00,Sports,Product_271,East,Agent_06,38,418.61,,Debit Card,37.0,1.6,14523.26
10820,2022-10-01 00:00:00,Sports,Product_869,South,Agent_02,2,26.61,2.6,Debit Card,26.0,2.7,51.84
10821,2022-10-01 08:00:00,Toys,Product_713,South,Agent_12,22,122.13,28.1,PayPal,25.0,1.5,1931.85
10822,2022-10-01 16:00:00,Sports,Product_308,East,Agent_15,20,445.43,11.3,PayPal,32.0,,7901.93
10823,2022-10-02 00:00:00,Home,Product_902,South,Agent_06,25,9.54,17.3,Credit Card,51.0,2.8,197.24
10824,2022-10-02 08:00:00,Sports,Product_453,North,Agent_10,15,104.69,23.8,PayPal,41.0,3.1,1196.61
10825,2022-10-02 16:00:00,Food,Product_570,North,Agent_09,49,479.72,9.7,PayPal,50.0,1.6,21226.17
10826,2022-10-03 00:00:00,Books,Product_897,East,Agent_07,29,308.63,21.5,Credit Card,58.0,1.6,7025.96
10827,2022-10-03 08:00:00,Sports,Product_215,South,Agent_09,8,134.53,4.1,Debit Card,58.0,3.3,1032.11
10828,2022-10-03 16:00:00,Books,Product_363,North,Agent_05,37,38.16,8.7,Debit Card,62.0,4.9,1289.08
10829,2022-10-04 00:00:00,Food,Product_761,North,Agent_07,49,18.95,4.3,PayPal,,1.4,888.62
10830,2022-10-04 08:00:00,Food,Product_911,West,Agent_11,33,126.15,24.3,Credit Card,44.0,2.1,3151.35
10831,2022-10-04 16:00:00,Books,Product_541,West,Agent_15,22,441.34,6.7,Debit Card,38.0,4.5,9058.94
10832,2022-10-05 00:00:00,Electronics,Product_647,North,Agent_14,47,210.88,21.5,Bank Transfer,22.0,1.3,7780.42
10833,2022-10-05 08:00:00,Clothing,Product_552,East,Agent_07,5,361.57,28.3,Cash,,4.5,1296.23
10834,2022-10-05 16:00:00,Toys,Product_944,Central,Agent_12,39,459.55,15.8,Cash,38.0,3.1,15090.7
10835,2022-10-06 00:00:00,Electronics,Product_576,Central,Agent_12,18,206.98,16.2,Cash,21.0,2.6,3122.09
10836,2022-10-06 08:00:00,Electronics,Product_386,North,Agent_03,38,99.68,13.8,PayPal,66.0,2.2,3265.12
10837,2022-10-06 16:00:00,Home,Product_402,,Agent_07,37,260.97,9.8,Cash,,2.2,8709.61
10838,2022-10-07 00:00:00,Toys,Product_410,North,Agent_01,30,454.5,,Cash,33.0,2.2,11685.2
10839,2022-10-07 08:00:00,Toys,Product_307,East,Agent_09,31,403.17,18.1,Bank Transfer,74.0,4.5,10236.08
10840,2022-10-07 16:00:00,Electronics,Product_717,West,Agent_10,10,37.59,29.6,Debit Card,48.0,3.9,264.63
10841,2022-10-08 00:00:00,Sports,Product_545,North,Agent_13,15,347.82,28.1,Bank Transfer,43.0,,3751.24
10842,2022-10-08 08:00:00,Home,Product_769,North,Agent_06,42,288.09,25.9,PayPal,69.0,,8965.94
10843,2022-10-08 16:00:00,Home,Product_732,South,Agent_05,48,454.19,26.7,Cash,52.0,2.0,15980.22
10844,2022-10-09 00:00:00,Food,Product_154,East,Agent_07,44,65.63,14.0,Debit Card,23.0,3.5,2483.44
10845,2022-10-09 08:00:00,Toys,Product_111,North,Agent_05,18,269.35,19.7,Cash,50.0,2.8,3893.18
10846,2022-10-09 16:00:00,Electronics,Product_756,South,Agent_10,23,440.33,26.9,Cash,38.0,4.1,7403.27
10847,2022-10-10 00:00:00,Food,Product_499,Central,Agent_05,33,207.96,11.8,PayPal,33.0,2.2,6052.88
10848,2022-10-10 08:00:00,Books,Product_747,North,Agent_11,16,243.59,28.9,Cash,64.0,3.6,2771.08
10849,2022-10-10 16:00:00,Clothing,Product_614,North,Agent_10,38,39.88,12.5,Credit Card,56.0,4.5,1326.01
10850,2022-10-11 00:00:00,Home,Product_755,South,Agent_11,35,142.68,18.0,Debit Card,51.0,2.6,4094.92
10851,2022-10-11 08:00:00,Books,Product_641,East,Agent_07,34,165.63,21.3,Debit Card,59.0,1.3,4431.93
10852,2022-10-11 16:00:00,Books,Product_336,North,Agent_10,28,472.84,28.5,Credit Card,74.0,3.1,9466.26
10853,2022-10-12 00:00:00,Sports,Product_378,Central,Agent_15,2,144.92,7.3,PayPal,,2.4,268.68
10854,2022-10-12 08:00:00,Clothing,Product_447,North,Agent_07,30,233.13,22.4,Cash,23.0,3.7,5427.27
10855,2022-10-12 16:00:00,Books,Product_726,Central,Agent_13,13,337.3,15.6,Cash,19.0,4.8,3700.86
10856,2022-10-13 00:00:00,Books,Product_203,West,Agent_11,41,85.28,8.1,Debit Card,41.0,2.9,3213.27
10857,2022-10-13 08:00:00,Clothing,Product_729,West,Agent_15,16,245.79,23.3,PayPal,73.0,2.9,3016.33
10858,2022-10-13 16:00:00,Clothing,Product_616,Central,Agent_03,5,370.58,16.6,PayPal,66.0,3.6,1545.32
10859,2022-10-14 00:00:00,Books,Product_971,East,Agent_03,28,434.09,19.8,PayPal,45.0,1.4,9747.93
10860,2022-10-14 08:00:00,Clothing,Product_347,North,Agent_10,39,315.0,9.7,Cash,18.0,2.0,11093.36
10861,2022-10-14 16:00:00,Books,Product_463,North,Agent_12,45,336.18,14.4,PayPal,18.0,4.7,12949.65
10862,2022-10-15 00:00:00,Books,Product_420,West,Agent_13,20,67.51,18.5,Credit Card,45.0,3.7,1100.41
10863,2022-10-15 08:00:00,Sports,Product_732,Central,Agent_15,24,473.16,12.1,Bank Transfer,53.0,1.1,9981.78
10864,2022-10-15 16:00:00,Electronics,Product_385,North,Agent_03,27,70.62,6.0,PayPal,37.0,1.8,1792.34
10865,2022-10-16 00:00:00,BOOKS,Product_248,North,Agent_06,30,388.46,28.8,Bank Transfer,65.0,3.7,8297.51
10866,2022-10-16 08:00:00,Food,Product_183,East,Agent_12,45,136.08,15.3,Cash,25.0,4.1,5186.69
10867,2022-10-16 16:00:00,Home,Product_505,South,Agent_15,27,467.13,,PayPal,18.0,4.4,9837.76
10868,2022-10-17 00:00:00,Toys,Product_555,,Agent_06,26,361.38,12.3,Debit Card,43.0,2.2,8240.19
10869,2022-10-17 08:00:00,Electronics,Product_842,West,Agent_13,7,378.14,10.7,Cash,68.0,4.7,2363.75
10870,2022-10-17 16:00:00,Electronics,Product_899,South,Agent_13,42,113.43,12.2,Credit Card,60.0,3.2,4182.84
10871,2022-10-18 00:00:00,Electronics,Product_260,North,Agent_03,47,224.3,12.3,Credit Card,66.0,3.8,9245.42
10872,2022-10-18 08:00:00,Sports,Product_883,East,Agent_03,38,310.82,16.3,Bank Transfer,42.0,3.4,9885.94
10873,2022-10-18 16:00:00,Books,Product_559,East,Agent_08,5,386.14,16.3,Bank Transfer,27.0,1.5,1616.0
10874,2022-10-19 00:00:00,Sports,Product_649,West,Agent_08,23,56.46,14.9,Debit Card,29.0,4.9,1105.09
10875,2022-10-19 08:00:00,Books,Product_599,East,Agent_07,28,481.37,4.0,Debit Card,58.0,1.5,12939.23
10876,2022-10-19 16:00:00,Sports,Product_837,South,Agent_10,34,445.66,14.9,Credit Card,24.0,2.0,12894.73
10877,2022-10-20 00:00:00,Sports,Product_608,North,Agent_04,15,138.82,5.1,PayPal,29.0,4.3,1976.1
10878,2022-10-20 08:00:00,Home,Product_753,South,Agent_15,32,412.27,3.8,Credit Card,64.0,3.5,12691.32
10879,2022-10-20 16:00:00,Food,Product_903,Central,Agent_04,26,261.57,28.0,Credit Card,57.0,4.4,4896.59
10880,2022-10-21 00:00:00,Sports,Product_580,West,Agent_03,48,233.59,18.1,Debit Card,34.0,3.1,9182.89
10881,2022-10-21 08:00:00,Home,Product_762,East,Agent_05,31,160.64,19.8,Bank Transfer,22.0,2.5,3993.83
10882,2022-10-21 16:00:00,Clothing,Product_213,Central,Agent_03,19,292.58,12.1,Debit Card,31.0,4.7,4886.38
10883,2022-10-22 00:00:00,Food,Product_848,East,Agent_13,9,366.3,27.3,Debit Card,51.0,1.1,2396.7
10884,2022-10-22 08:00:00,Sports,Product_677,North,Agent_08,29,208.41,19.1,Debit Card,65.0,4.4,4889.51
10885,2022-10-22 16:00:00,Toys,Product_460,North,Agent_07,39,316.46,23.1,Credit Card,34.0,1.9,9490.95
10886,2022-10-23 00:00:00,Electronics,Product_440,North,Agent_13,4,351.16,11.1,PayPal,52.0,4.4,1248.72
10887,2022-10-23 08:00:00,Clothing,Product_869,East,Agent_03,3,357.01,28.8,Credit Card,72.0,1.6,762.57
10888,2022-10-23 16:00:00,Clothing,Product_860,Central,Agent_09,29,30.72,24.6,Cash,18.0,3.3,671.72
10889,2022-10-24 00:00:00,Home,Product_548,North,Agent_12,11,430.58,,Debit Card,67.0,4.6,3523.87
10890,2022-10-24 08:00:00,Clothing,Product_942,Central,Agent_14,33,231.84,5.2,Debit Card,67.0,2.9,7252.88
10891,2022-10-24 16:00:00,Food,Product_934,East,Agent_13,38,134.9,8.1,Cash,53.0,4.0,4710.98
10892,2022-10-25 00:00:00,Sports,Product_279,Central,Agent_05,11,124.67,8.6,Debit Card,32.0,4.2,1253.43
10893,2022-10-25 08:00:00,Sports,Product_801,East,Agent_09,27,244.09,8.1,Debit Card,36.0,3.9,6056.61
10894,2022-10-25 16:00:00,Toys,Product_506,East,Agent_07,33,443.98,25.7,Debit Card,68.0,,10885.95
10895,2022-10-26 00:00:00,Electronics,Product_765,West,Agent_15,21,192.28,1.0,Cash,59.0,2.8,3997.5
10896,2022-10-26 08:00:00,Home,Product_295,East,Agent_07,39,376.11,2.3,Credit Card,22.0,1.7,14330.92
10897,2022-10-26 16:00:00,Electronics,Product_565,East,Agent_06,31,52.93,8.2,Debit Card,36.0,1.2,1506.28
10898,2022-10-27 00:00:00,Clothing,Product_410,South,Agent_02,38,240.65,,PayPal,60.0,2.0,8596.02
10899,2022-10-27 08:00:00,Toys,Product_361,North,Agent_09,46,495.88,7.0,Cash,56.0,1.6,21213.75
10900,2022-10-27 16:00:00,Electronics,Product_518,West,Agent_06,2,386.37,23.9,Bank Transfer,22.0,3.2,588.06
10901,2022-10-28 00:00:00,Food,Product_505,West,Agent_08,27,109.21,16.9,Cash,69.0,1.7,2450.34
10902,2022-10-28 08:00:00,Sports,Product_242,West,Agent_01,36,253.21,0.2,Credit Card,29.0,1.2,9097.33
10903,2022-10-28 16:00:00,Clothing,Product_441,South,Agent_05,11,120.64,12.9,Cash,36.0,1.1,1155.85
10904,2022-10-29 00:00:00,Toys,Product_415,East,Agent_12,47,207.73,12.2,Bank Transfer,64.0,4.3,8572.19
10905,2022-10-29 08:00:00,Electronics,Product_200,North,Agent_01,18,391.14,3.4,PayPal,29.0,3.4,6801.14
10906,2022-10-29 16:00:00,Home,Product_343,Central,Agent_10,1,386.76,20.3,Bank Transfer,53.0,2.4,308.25
10907,2022-10-30 00:00:00,Food,Product_589,East,Agent_11,35,117.91,21.1,Cash,29.0,4.6,3256.08
10908,2022-10-30 08:00:00,Food,Product_111,South,Agent_14,35,461.5,21.6,Bank Transfer,35.0,1.3,12663.56
10909,2022-10-30 16:00:00,Electronics,Product_338,East,Agent_08,31,298.32,21.9,Cash,66.0,4.9,7222.63
10910,2022-10-31 00:00:00,Sports,Product_660,East,Agent_08,28,193.06,0.0,PayPal,68.0,3.5,5405.68
10911,2022-10-31 08:00:00,Electronics,Product_141,South,Agent_01,39,253.46,28.6,PayPal,,1.7,7057.85
10912,2022-10-31 16:00:00,Clothing,Product_777,West,Agent_09,1,304.51,24.4,Credit Card,60.0,3.7,230.21
10913,2022-11-01 00:00:00,Electronics,Product_693,West,Agent_02,25,282.15,27.1,PayPal,51.0,4.1,5142.18
10914,2022-11-01 08:00:00,Food,Product_528,North,Agent_12,43,245.77,0.5,Debit Card,65.0,2.7,10515.27
10915,2022-11-01 16:00:00,Toys,Product_902,North,Agent_09,38,254.94,28.0,Bank Transfer,50.0,4.4,6975.16
10916,2022-11-02 00:00:00,ELECTRONICS,Product_257,West,Agent_01,20,92.32,24.3,Bank Transfer,66.0,1.6,1397.72
10917,2022-11-02 08:00:00,Sports,Product_315,Central,Agent_12,3,407.3,25.1,Cash,35.0,2.1,915.2
10918,2022-11-02 16:00:00,Toys,Product_769,East,Agent_10,2,273.17,2.8,PayPal,74.0,1.4,531.04
10919,2022-11-03 00:00:00,Home,Product_561,Central,Agent_14,18,69.88,22.2,Credit Card,46.0,1.8,978.6
10920,2022-11-03 08:00:00,Books,Product_233,East,Agent_14,44,384.25,28.8,Credit Card,62.0,,12037.78
10921,2022-11-03 16:00:00,Electronics,Product_166,West,Agent_09,10,466.56,20.4,Credit Card,22.0,,3713.82
10922,2022-11-04 00:00:00,Sports,Product_947,North,Agent_04,5,473.92,17.1,Debit Card,42.0,1.3,1964.4
10923,2022-11-04 08:00:00,Toys,Product_106,North,Agent_09,9,187.66,28.4,PayPal,41.0,2.7,1209.28
10924,2022-11-04 16:00:00,Sports,Product_625,Central,Agent_07,2,72.08,13.3,Credit Card,46.0,3.1,124.99
10925,2022-11-05 00:00:00,Home,Product_172,North,Agent_11,34,261.61,18.0,Debit Card,55.0,4.6,7293.69
10926,2022-11-05 08:00:00,Food,Product_498,,Agent_06,38,60.74,,Bank Transfer,50.0,,1978.06
10927,2022-11-05 16:00:00,Sports,Product_504,Central,Agent_15,31,467.32,28.0,Cash,27.0,4.0,10430.58
10928,2022-11-06 00:00:00,Toys,Product_774,East,Agent_05,10,95.87,2.3,PayPal,54.0,4.9,936.65
10929,2022-11-06 08:00:00,Sports,Product_677,North,Agent_11,12,130.12,15.0,PayPal,50.0,4.1,1327.22
10930,2022-11-06 16:00:00,Sports,Product_958,South,Agent_09,36,206.29,20.6,Bank Transfer,40.0,4.9,5896.59
10931,2022-11-07 00:00:00,Sports,Product_229,North,Agent_02,21,194.67,23.8,PayPal,28.0,3.8,3115.11
10932,2022-11-07 08:00:00,Clothing,Product_565,East,Agent_14,49,398.36,17.5,PayPal,41.0,1.3,16103.7
10933,2022-11-07 16:00:00,Clothing,Product_305,Central,Agent_13,47,230.88,27.3,PayPal,41.0,2.6,7888.94
10934,2022-11-08 00:00:00,Food,Product_887,East,Agent_11,6,89.53,28.3,PayPal,24.0,3.6,385.16
10935,2022-11-08 08:00:00,Electronics,Product_867,South,Agent_14,48,137.27,1.9,Debit Card,67.0,2.4,6463.77
10936,2022-11-08 16:00:00,Sports,Product_365,West,Agent_12,49,257.01,12.1,Debit Card,38.0,,11069.68
10937,2022-11-09 00:00:00,Home,Product_636,North,Agent_02,3,77.99,0.7,Cash,37.0,3.3,232.33
10938,2022-11-09 08:00:00,Electronics,Product_892,Central,Agent_11,10,307.77,9.9,PayPal,70.0,4.7,2773.01
10939,2022-11-09 16:00:00,Home,Product_352,West,Agent_12,5,285.04,16.1,Bank Transfer,27.0,1.1,1195.74
10940,2022-11-10 00:00:00,Electronics,Product_921,East,Agent_15,46,358.78,27.3,Credit Card,42.0,4.1,11998.32
10941,2022-11-10 08:00:00,Food,Product_388,Central,Agent_09,26,469.16,25.4,Cash,64.0,3.9,9099.83
10942,2022-11-10 16:00:00,Sports,Product_263,West,Agent_12,21,456.57,3.8,Credit Card,53.0,4.9,9223.63
10943,2022-11-11 00:00:00,Sports,Product_194,Central,Agent_03,45,473.31,2.8,Credit Card,65.0,4.7,20702.58
10944,2022-11-11 08:00:00,Books,Product_881,South,Agent_08,26,126.13,17.7,PayPal,64.0,4.0,2698.93
10945,2022-11-11 16:00:00,Home,Product_932,South,Agent_11,38,70.12,16.0,Bank Transfer,32.0,3.1,2238.23
10946,2022-11-12 00:00:00,Electronics,Product_209,North,Agent_15,44,154.63,8.0,Credit Card,61.0,1.8,6259.42
10947,2022-11-12 08:00:00,Electronics,Product_435,North,Agent_09,26,448.07,27.0,Credit Card,57.0,3.2,8504.37
10948,2022-11-12 16:00:00,Clothing,Product_921,South,Agent_08,8,486.17,27.8,Cash,57.0,4.1,2808.12
10949,2022-11-13 00:00:00,Books,Product_337,Central,Agent_04,5,430.37,12.1,Bank Transfer,67.0,4.6,1891.48
10950,2022-11-13 08:00:00,Toys,Product_480,South,Agent_12,15,59.46,26.7,Bank Transfer,23.0,4.2,653.76
10951,2022-11-13 16:00:00,Toys,Product_535,North,Agent_01,16,473.98,11.5,Credit Card,54.0,1.8,6711.56
10952,2022-11-14 00:00:00,Clothing,Product_998,South,Agent_04,1,214.56,22.1,Bank Transfer,,3.4,167.14
10953,2022-11-14 08:00:00,Clothing,Product_582,South,Agent_14,16,9.61,14.3,Cash,29.0,2.3,131.77
10954,2022-11-14 16:00:00,Clothing,Product_124,Central,Agent_09,37,223.98,3.7,Cash,21.0,1.0,7980.63
10955,2022-11-15 00:00:00,Home,Product_752,West,Agent_02,3,27.8,27.8,Cash,40.0,1.8,60.21
10956,2022-11-15 08:00:00,Home,Product_216,North,Agent_03,47,274.22,13.6,PayPal,,1.5,11135.53
10957,2022-11-15 16:00:00,Food,Product_581,Central,Agent_10,31,172.58,22.0,Credit Card,34.0,4.4,4172.98
10958,2022-11-16 00:00:00,Food,Product_491,South,Agent_08,13,239.35,11.0,Bank Transfer,48.0,2.0,2769.28
10959,2022-11-16 08:00:00,Clothing,Product_636,South,Agent_06,16,308.52,0.6,Cash,,2.1,4906.7
10960,2022-11-16 16:00:00,Books,Product_178,West,Agent_08,43,435.06,3.0,Credit Card,58.0,,18146.35
10961,2022-11-17 00:00:00,Electronics,Product_679,North,Agent_07,21,332.64,14.9,Credit Card,43.0,2.5,5944.61
10962,2022-11-17 08:00:00,Home,Product_272,North,Agent_14,2,219.85,20.7,PayPal,45.0,1.0,348.68
10963,2022-11-17 16:00:00,Books,Product_111,East,Agent_13,27,410.62,10.0,Bank Transfer,18.0,2.1,9978.07
10964,2022-11-18 00:00:00,Sports,Product_899,North,Agent_13,38,453.26,20.9,Bank Transfer,64.0,1.5,13624.09
10965,2022-11-18 08:00:00,Home,Product_227,West,Agent_05,26,64.28,21.0,Cash,29.0,1.4,1320.31
10966,2022-11-18 16:00:00,Home,Product_707,East,Agent_09,38,268.31,21.1,Cash,54.0,1.3,8044.47
10967,2022-11-19 00:00:00,Food,Product_191,East,Agent_04,46,145.83,,Credit Card,72.0,,5715.37
10968,2022-11-19 08:00:00,Electronics,Product_752,South,Agent_06,25,28.3,27.4,Bank Transfer,73.0,,513.64
10969,2022-11-19 16:00:00,Electronics,Product_642,South,Agent_02,11,335.93,14.7,Bank Transfer,67.0,2.4,3152.03
10970,2022-11-20 00:00:00,Toys,Product_945,North,Agent_15,8,432.07,13.5,Cash,37.0,4.4,2989.92
10971,2022-11-20 08:00:00,TOYS,Product_631,East,Agent_02,8,85.64,,Debit Card,19.0,,644.01
10972,2022-11-20 16:00:00,Toys,Product_757,South,Agent_02,33,407.14,9.2,Credit Card,53.0,4.7,12199.54
10973,2022-11-21 00:00:00,Toys,Product_927,West,Agent_10,7,427.43,1.3,Bank Transfer,32.0,3.0,2953.11
10974,2022-11-21 08:00:00,Sports,Product_546,South,Agent_07,38,457.6,19.0,PayPal,55.0,,14084.93
10975,2022-11-21 16:00:00,Sports,Product_489,South,Agent_13,21,136.32,,PayPal,39.0,4.0,2648.02
10976,2022-11-22 00:00:00,Home,Product_771,East,Agent_02,8,452.46,9.1,Debit Card,61.0,1.3,3290.29
10977,2022-11-22 08:00:00,Clothing,Product_960,East,Agent_15,21,163.73,23.1,Cash,67.0,1.4,2644.08
10978,2022-11-22 16:00:00,Food,Product_142,Central,Agent_15,20,278.41,9.8,Cash,49.0,3.6,5022.52
10979,2022-11-23 00:00:00,Food,Product_353,West,Agent_12,8,30.0,7.3,Cash,37.0,2.9,222.48
10980,2022-11-23 08:00:00,Toys,Product_229,East,Agent_15,46,26.72,,PayPal,53.0,,1166.43
10981,2022-11-23 16:00:00,Home,Product_159,North,Agent_13,31,361.58,23.2,Cash,50.0,4.7,8608.5
10982,2022-11-24 00:00:00,Books,Product_762,West,Agent_02,29,225.02,3.9,PayPal,32.0,2.6,6271.08
10983,2022-11-24 08:00:00,Clothing,Product_566,West,Agent_15,48,131.86,13.6,Debit Card,67.0,3.4,5468.5
10984,2022-11-24 16:00:00,Home,Product_386,East,Agent_09,9,99.25,,Credit Card,63.0,3.0,757.48
10985,2022-11-25 00:00:00,Clothing,Product_616,West,Agent_07,15,336.63,20.6,Bank Transfer,20.0,4.9,4009.26
10986,2022-11-25 08:00:00,Clothing,Product_566,East,Agent_11,30,5.2,19.0,Debit Card,46.0,4.3,126.36
10987,2022-11-25 16:00:00,Clothing,Product_877,,Agent_03,26,403.92,24.3,PayPal,64.0,4.6,7949.95
10988,2022-11-26 00:00:00,Home,Product_444,Central,Agent_03,10,44.23,1.3,Debit Card,44.0,2.0,436.55
10989,2022-11-26 08:00:00,Toys,Product_741,South,Agent_07,29,99.79,8.9,Bank Transfer,22.0,4.1,2636.35
10990,2022-11-26 16:00:00,Food,Product_481,East,Agent_05,16,196.19,8.4,Credit Card,73.0,2.1,2875.36
10991,2022-11-27 00:00:00,Food,Product_878,East,Agent_10,36,245.01,4.4,Bank Transfer,48.0,,8432.26
10992,2022-11-27 08:00:00,Toys,Product_789,South,Agent_14,20,180.72,,PayPal,39.0,4.8,3299.95
10993,2022-11-27 16:00:00,Clothing,Product_352,North,Agent_14,45,163.75,9.3,Bank Transfer,52.0,1.1,6683.46
10994,2022-11-28 00:00:00,Books,Product_155,North,Agent_06,37,482.14,15.7,Debit Card,71.0,4.9,15038.43
10995,2022-11-28 08:00:00,Electronics,Product_562,North,Agent_13,22,322.58,19.9,Cash,24.0,1.6,5684.5
10996,2022-11-28 16:00:00,Home,Product_556,East,Agent_12,7,16.6,11.4,Debit Card,23.0,4.3,102.95
10997,2022-11-29 00:00:00,Electronics,Product_182,West,Agent_08,23,217.94,21.6,PayPal,43.0,2.1,3929.89
10998,2022-11-29 08:00:00,Toys,Product_198,,Agent_09,41,438.13,10.1,Credit Card,71.0,2.4,16149.03
10999,2022-11-29 16:00:00,Books,Product_248,West,Agent_01,40,154.22,8.7,Bank Transfer,18.0,1.9,5632.11
11000,2022-11-30 00:00:00,Home,Product_428,South,Agent_03,29,51.81,16.2,Credit Card,36.0,3.3,1259.09
11001,2022-11-30 08:00:00,Toys,Product_255,Central,Agent_11,16,380.4,0.7,PayPal,,,6043.8
11002,2022-11-30 16:00:00,Clothing,Product_289,West,Agent_07,38,304.98,2.4,Bank Transfer,53.0,3.6,11311.1
11003,2022-12-01 00:00:00,Food,Product_593,North,Agent_06,28,287.3,12.5,Debit Card,29.0,1.1,7038.85
11004,2022-12-01 08:00:00,Electronics,Product_982,East,Agent_07,48,31.52,28.3,Debit Card,37.0,1.3,1084.79
11005,2022-12-01 16:00:00,Sports,Product_362,South,Agent_08,38,74.55,,PayPal,40.0,1.4,2220.99
11006,2022-12-02 00:00:00,Sports,Product_179,,Agent_06,31,313.16,2.6,Bank Transfer,42.0,,9455.55
11007,2022-12-02 08:00:00,Books,Product_499,South,Agent_03,14,107.87,25.4,Debit Card,47.0,4.3,1126.59
11008,2022-12-02 16:00:00,Clothing,Product_863,Central,Agent_02,33,254.51,22.0,PayPal,46.0,4.6,6551.09
11009,2022-12-03 00:00:00,Electronics,Product_708,East,Agent_12,9,274.72,,PayPal,48.0,2.0,2020.02
11010,2022-12-03 08:00:00,Clothing,Product_359,East,Agent_07,27,145.34,24.6,Credit Card,,,2958.83
11011,2022-12-03 16:00:00,Electronics,Product_871,,Agent_12,24,474.47,12.1,Debit Card,58.0,4.1,10009.42
11012,2022-12-04 00:00:00,Books,Product_714,East,Agent_12,13,422.02,6.6,Bank Transfer,36.0,2.2,5124.17
11013,2022-12-04 08:00:00,Books,Product_651,West,Agent_12,26,362.57,15.4,Debit Card,71.0,2.6,7975.09
11014,2022-12-04 16:00:00,Sports,Product_884,South,Agent_11,29,43.61,16.5,Debit Card,21.0,3.1,1056.02
11015,2022-12-05 00:00:00,Clothing,Product_200,North,Agent_01,49,57.53,16.1,Debit Card,18.0,1.5,2365.12
11016,2022-12-05 08:00:00,Home,Product_458,Central,Agent_03,43,248.93,17.0,PayPal,58.0,1.1,8884.31
11017,2022-12-05 16:00:00,Sports,Product_479,West,Agent_12,28,84.55,28.5,Cash,32.0,1.6,1692.69
11018,2022-12-06 00:00:00,Clothing,Product_919,North,Agent_11,28,489.24,27.1,Cash,,3.5,9986.37
11019,2022-12-06 08:00:00,Sports,Product_320,North,Agent_04,8,83.47,26.3,Credit Card,25.0,1.3,492.14
11020,2022-12-06 16:00:00,Home,Product_919,Central,Agent_13,23,246.3,24.0,Debit Card,32.0,1.8,4305.32
11021,2022-12-07 00:00:00,Food,Product_519,West,Agent_14,29,185.24,28.3,Cash,32.0,2.4,3851.7
11022,2022-12-07 08:00:00,Food,Product_223,North,Agent_01,5,321.5,3.0,Credit Card,67.0,,1559.28
11023,2022-12-07 16:00:00,Food,Product_521,North,Agent_05,42,68.87,,PayPal,56.0,1.8,2661.14
11024,2022-12-08 00:00:00,Food,Product_330,West,Agent_10,7,218.01,14.9,Debit Card,39.0,4.6,1298.69
11025,2022-12-08 08:00:00,Toys,Product_789,East,Agent_03,42,140.98,25.4,Bank Transfer,35.0,1.1,4417.19
11026,2022-12-08 16:00:00,Electronics,Product_162,North,Agent_02,36,444.44,,PayPal,33.0,3.6,13567.86
11027,2022-12-09 00:00:00,Toys,Product_584,South,Agent_15,41,25.09,22.4,Credit Card,19.0,2.5,798.26
11028,2022-12-09 08:00:00,Toys,Product_727,West,Agent_03,27,457.3,4.2,PayPal,53.0,3.7,11828.52
11029,2022-12-09 16:00:00,Toys,Product_802,North,Agent_08,46,417.33,7.6,Bank Transfer,37.0,3.4,17738.19
11030,2022-12-10 00:00:00,Food,Product_673,Central,Agent_06,2,152.3,22.0,PayPal,,1.9,237.59
11031,2022-12-10 08:00:00,Home,Product_867,South,Agent_13,25,395.7,4.9,Credit Card,20.0,4.4,9407.77
11032,2022-12-10 16:00:00,Books,Product_582,North,Agent_14,9,20.45,10.5,Bank Transfer,,3.0,164.72
11033,2022-12-11 00:00:00,Books,Product_618,South,Agent_07,27,483.6,7.9,Bank Transfer,47.0,4.3,12025.68
11034,2022-12-11 08:00:00,Electronics,Product_254,South,Agent_12,1,265.66,10.5,PayPal,72.0,,237.77
11035,2022-12-11 16:00:00,Food,Product_191,East,Agent_06,23,155.12,21.2,Bank Transfer,19.0,4.9,2811.39
11036,2022-12-12 00:00:00,Food,Product_625,South,Agent_06,10,184.48,11.0,PayPal,52.0,4.1,1641.87
11037,2022-12-12 08:00:00,Food,Product_554,East,Agent_12,42,37.87,16.7,Debit Card,43.0,4.9,1324.92
11038,2022-12-12 16:00:00,Sports,Product_840,West,Agent_03,25,494.73,3.0,Bank Transfer,74.0,3.1,11997.2
11039,2022-12-13 00:00:00,Clothing,Product_697,East,Agent_12,3,24.45,24.2,PayPal,22.0,2.9,55.6
11040,2022-12-13 08:00:00,Sports,Product_744,Central,Agent_13,6,329.18,11.1,Debit Card,19.0,4.0,1755.85
11041,2022-12-13 16:00:00,Clothing,Product_609,North,Agent_14,6,224.15,19.5,Bank Transfer,68.0,4.5,1082.64
11042,2022-12-14 00:00:00,Food,Product_282,West,Agent_08,2,474.71,21.8,Debit Card,73.0,4.9,742.45
11043,2022-12-14 08:00:00,Food,Product_485,West,Agent_12,18,126.77,6.3,Bank Transfer,37.0,2.3,2138.1
11044,2022-12-14 16:00:00,Sports,Product_673,,Agent_07,23,268.38,26.5,Credit Card,51.0,4.2,4536.96
11045,2022-12-15 00:00:00,Sports,Product_830,East,Agent_07,2,243.77,18.5,Credit Card,51.0,,397.35
11046,2022-12-15 08:00:00,Clothing,Product_504,North,Agent_06,12,352.92,12.9,PayPal,71.0,3.2,3688.72
11047,2022-12-15 16:00:00,Books,Product_345,East,Agent_05,22,38.67,5.5,Cash,73.0,1.7,803.95
11048,2022-12-16 00:00:00,Clothing,Product_841,South,Agent_10,37,100.93,,Credit Card,72.0,2.4,2677.57
11049,2022-12-16 08:00:00,Sports,Product_690,East,Agent_08,20,111.21,22.7,Cash,37.0,4.7,1719.31
11050,2022-12-16 16:00:00,Home,Product_760,West,Agent_05,39,370.38,,Debit Card,67.0,1.6,13549.24
11051,2022-12-17 00:00:00,Sports,Product_749,North,Agent_09,24,98.62,10.1,Debit Card,42.0,3.5,2127.83
11052,2022-12-17 08:00:00,Home,Product_570,East,Agent_09,48,288.88,24.3,Cash,37.0,3.4,10496.74
11053,2022-12-17 16:00:00,Electronics,Product_925,North,Agent_01,20,111.55,20.9,PayPal,42.0,1.5,1764.72
11054,2022-12-18 00:00:00,Sports,Product_987,North,Agent_06,1,431.5,23.0,Bank Transfer,70.0,2.3,332.26
11055,2022-12-18 08:00:00,Electronics,Product_522,South,Agent_07,1,471.38,13.2,Cash,31.0,3.3,409.16
11056,2022-12-18 16:00:00,Books,Product_164,South,Agent_03,17,261.65,21.5,Cash,64.0,1.7,3491.72
11057,2022-12-19 00:00:00,Clothing,Product_112,West,Agent_07,1,179.39,11.6,Cash,61.0,4.2,158.58
11058,2022-12-19 08:00:00,Home,Product_312,Central,Agent_11,45,120.86,6.3,Cash,60.0,4.9,5096.06
11059,2022-12-19 16:00:00,Clothing,Product_341,North,Agent_11,30,29.64,19.0,Cash,60.0,1.9,720.25
11060,2022-12-20 00:00:00,Electronics,Product_592,Central,Agent_07,41,137.91,29.3,PayPal,56.0,1.7,3997.6
11061,2022-12-20 08:00:00,Home,Product_312,West,Agent_14,47,328.85,,Credit Card,29.0,2.8,14018.55
11062,2022-12-20 16:00:00,Clothing,Product_792,North,Agent_13,3,269.14,13.8,Bank Transfer,65.0,4.0,696.0
11063,2022-12-21 00:00:00,Sports,Product_437,North,Agent_11,46,472.3,20.2,Credit Card,22.0,2.1,17337.19
11064,2022-12-21 08:00:00,Food,Product_272,Central,Agent_02,11,201.16,,Cash,19.0,1.1,1854.29
11065,2022-12-21 16:00:00,Electronics,Product_771,East,Agent_07,24,348.46,25.3,Credit Card,71.0,3.2,6247.19
11066,2022-12-22 00:00:00,Clothing,Product_263,South,Agent_15,22,247.21,22.9,PayPal,,,4193.18
11067,2022-12-22 08:00:00,Electronics,Product_564,East,Agent_01,44,258.73,1.7,Debit Card,72.0,2.6,11190.59
11068,2022-12-22 16:00:00,Toys,Product_596,Central,Agent_05,45,137.55,30.0,Credit Card,47.0,2.7,4332.83
11069,2022-12-23 00:00:00,Electronics,Product_799,South,Agent_09,26,230.2,22.6,Bank Transfer,64.0,4.9,4632.54
11070,2022-12-23 08:00:00,Home,Product_494,East,Agent_07,13,238.04,25.9,PayPal,60.0,3.8,2293.04
11071,2022-12-23 16:00:00,Toys,Product_802,South,Agent_07,1,354.79,19.5,Debit Card,,3.9,285.61
11072,2022-12-24 00:00:00,Home,Product_407,North,Agent_11,24,470.62,25.7,PayPal,62.0,3.3,8392.1
11073,2022-12-24 08:00:00,Food,Product_867,East,Agent_13,10,168.01,3.4,Cash,68.0,4.9,1622.98
11074,2022-12-24 16:00:00,Toys,Product_282,South,Agent_12,35,25.89,10.4,Debit Card,59.0,,811.91
11075,2022-12-25 00:00:00,Sports,Product_728,South,Agent_02,24,250.67,26.3,Bank Transfer,41.0,4.6,4433.85
11076,2022-12-25 08:00:00,Electronics,Product_893,South,Agent_08,28,274.51,6.0,Debit Card,68.0,3.8,7225.1
11077,2022-12-25 16:00:00,Clothing,Product_609,East,Agent_03,36,88.38,2.3,Bank Transfer,47.0,3.9,3108.5
11078,2022-12-26 00:00:00,Books,Product_807,West,Agent_15,16,381.43,23.6,Cash,54.0,2.2,4662.6
11079,2022-12-26 08:00:00,Electronics,Product_645,,Agent_08,40,492.54,25.1,Bank Transfer,74.0,2.2,14756.5
11080,2022-12-26 16:00:00,Electronics,Product_663,Central,Agent_03,16,473.16,4.9,PayPal,70.0,4.1,7199.6
11081,2022-12-27 00:00:00,Food,Product_723,,Agent_10,17,102.57,25.6,Credit Card,56.0,2.2,1297.31
11082,2022-12-27 08:00:00,Sports,Product_863,South,Agent_07,15,438.3,20.6,PayPal,28.0,3.3,5220.15
11083,2022-12-27 16:00:00,Books,Product_693,,Agent_02,16,353.72,15.6,PayPal,31.0,2.0,4776.63
11084,2022-12-28 00:00:00,Toys,Product_843,East,Agent_04,15,229.65,24.9,Debit Card,40.0,4.3,2587.01
11085,2022-12-28 08:00:00,Toys,Product_326,East,Agent_11,34,272.6,12.6,Cash,70.0,1.4,8100.58
11086,2022-12-28 16:00:00,Toys,Product_844,South,Agent_06,11,425.55,5.8,Credit Card,33.0,,4409.55
11087,2022-12-29 00:00:00,Home,Product_832,North,Agent_11,1,242.67,8.5,Bank Transfer,67.0,3.4,222.04
11088,2022-12-29 08:00:00,Home,Product_535,North,Agent_09,15,189.74,,Debit Card,38.0,1.7,2413.49
11089,2022-12-29 16:00:00,Clothing,Product_521,Central,Agent_05,26,249.16,15.9,Cash,72.0,3.2,5448.13
11090,2022-12-30 00:00:00,Books,Product_653,East,Agent_13,4,291.67,24.2,Credit Card,72.0,2.1,884.34
11091,2022-12-30 08:00:00,Toys,Product_120,North,Agent_09,43,98.59,23.7,PayPal,21.0,2.3,3234.64
11092,2022-12-30 16:00:00,Home,Product_653,North,Agent_15,5,450.95,17.4,Cash,50.0,2.4,1862.42
11093,2022-12-31 00:00:00,Clothing,Product_496,West,Agent_05,35,338.72,23.4,Cash,71.0,1.3,9081.08
11094,2022-12-31 08:00:00,Sports,Product_724,West,Agent_10,13,318.47,5.8,Cash,64.0,4.9,3899.98
11095,2022-12-31 16:00:00,Clothing,Product_204,North,Agent_08,10,54.25,1.5,PayPal,31.0,1.1,534.36
11096,2023-01-01 00:00:00,Home,Product_291,Central,Agent_13,11,304.07,26.2,Bank Transfer,36.0,3.6,2468.44
11097,2023-01-01 08:00:00,Food,Product_116,North,Agent_13,18,64.88,2.3,Debit Card,22.0,,1140.98
11098,2023-01-01 16:00:00,Food,Product_219,South,Agent_01,34,43.96,7.4,Bank Transfer,53.0,3.6,1384.04
11099,2023-01-02 00:00:00,Toys,Product_492,East,Agent_07,39,266.02,20.9,Credit Card,48.0,2.4,8206.45
11100,2023-01-02 08:00:00,Food,Product_524,Central,Agent_04,41,204.38,12.3,Debit Card,62.0,3.7,7348.89
11101,2023-01-02 16:00:00,Toys,Product_228,South,Agent_05,42,296.46,26.3,Credit Card,35.0,3.9,9176.62
11102,2023-01-03 00:00:00,Toys,Product_229,Central,Agent_06,23,49.16,8.9,PayPal,61.0,3.8,1030.05
11103,2023-01-03 08:00:00,Home,Product_671,South,Agent_05,7,218.34,0.4,Bank Transfer,48.0,1.5,1522.27
11104,2023-01-03 16:00:00,Food,Product_659,East,Agent_12,39,91.52,9.0,Cash,72.0,3.6,3248.04
11105,2023-01-04 00:00:00,Toys,Product_128,East,Agent_01,3,493.61,17.3,Debit Card,47.0,2.1,1224.65
11106,2023-01-04 08:00:00,Books,Product_196,West,Agent_12,12,282.77,11.3,Cash,38.0,1.1,3009.8
11107,2023-01-04 16:00:00,Sports,Product_109,South,Agent_09,7,345.28,16.0,Credit Card,64.0,2.7,2030.25
11108,2023-01-05 00:00:00,Clothing,Product_341,West,Agent_02,49,166.08,26.3,Cash,47.0,2.7,5997.65
11109,2023-01-05 08:00:00,Clothing,Product_925,South,Agent_09,26,51.9,27.4,Cash,72.0,2.9,979.66
11110,2023-01-05 16:00:00,Home,Product_331,West,Agent_10,33,488.06,8.0,PayPal,58.0,3.8,14817.5
11111,2023-01-06 00:00:00,Food,Product_888,East,Agent_02,37,146.7,13.9,PayPal,21.0,2.2,4673.42
11112,2023-01-06 08:00:00,Food,Product_383,Central,Agent_09,48,214.79,16.5,Bank Transfer,22.0,2.3,8608.78
11113,2023-01-06 16:00:00,Toys,Product_814,West,Agent_06,15,326.68,28.5,Credit Card,58.0,1.2,3503.64
11114,2023-01-07 00:00:00,Electronics,Product_858,South,Agent_11,2,17.23,30.0,PayPal,62.0,3.7,24.12
11115,2023-01-07 08:00:00,Toys,Product_901,South,Agent_09,41,406.08,7.1,PayPal,27.0,3.3,15467.18
11116,2023-01-07 16:00:00,Sports,Product_875,East,Agent_13,7,270.61,21.8,Bank Transfer,44.0,2.4,1481.32
11117,2023-01-08 00:00:00,Books,Product_825,South,Agent_06,32,142.72,11.3,Debit Card,33.0,3.8,4050.96
11118,2023-01-08 08:00:00,Clothing,Product_299,North,Agent_06,4,35.5,0.2,Bank Transfer,47.0,3.1,141.72
11119,2023-01-08 16:00:00,Toys,Product_178,,Agent_13,20,85.44,0.3,Cash,30.0,2.9,1703.67
11120,2023-01-09 00:00:00,Electronics,Product_954,West,Agent_11,36,448.04,13.8,Cash,53.0,3.0,13903.58
11121,2023-01-09 08:00:00,Electronics,Product_955,Central,Agent_14,32,344.58,14.7,PayPal,38.0,3.5,9405.66
11122,2023-01-09 16:00:00,Toys,Product_272,East,Agent_02,28,128.7,0.7,PayPal,62.0,3.6,3578.37
11123,2023-01-10 00:00:00,Home,Product_566,West,Agent_08,13,37.47,20.6,Bank Transfer,70.0,2.2,386.77
11124,2023-01-10 08:00:00,Clothing,Product_680,West,Agent_03,1,346.85,8.8,Bank Transfer,57.0,1.6,316.33
11125,2023-01-10 16:00:00,Home,Product_515,North,Agent_07,35,288.34,,Credit Card,,,8396.46
11126,2023-01-11 00:00:00,Books,Product_548,East,Agent_05,48,205.24,9.0,Cash,32.0,3.6,8964.88
11127,2023-01-11 08:00:00,Electronics,Product_186,South,Agent_03,30,184.99,5.0,Bank Transfer,37.0,4.5,5272.22
11128,2023-01-11 16:00:00,Electronics,Product_200,North,Agent_01,36,112.32,12.2,Debit Card,37.0,2.6,3550.21
11129,2023-01-12 00:00:00,Sports,Product_107,North,Agent_08,25,336.46,7.0,Credit Card,62.0,1.7,7822.7
11130,2023-01-12 08:00:00,Books,Product_944,Central,Agent_03,16,485.48,16.0,Bank Transfer,72.0,4.0,6524.85
11131,2023-01-12 16:00:00,Electronics,Product_299,Central,Agent_02,19,91.98,6.0,PayPal,22.0,4.3,1642.76
11132,2023-01-13 00:00:00,Books,Product_604,Central,Agent_01,1,300.57,15.3,Bank Transfer,71.0,4.5,254.58
11133,2023-01-13 08:00:00,Clothing,Product_186,North,Agent_04,5,214.97,4.7,PayPal,71.0,3.4,1024.33
11134,2023-01-13 16:00:00,Food,Product_142,South,Agent_13,22,226.11,20.1,PayPal,49.0,4.4,3974.56
11135,2023-01-14 00:00:00,Electronics,Product_484,West,Agent_08,24,130.8,22.6,Cash,23.0,1.1,2429.74
11136,2023-01-14 08:00:00,Sports,Product_720,Central,Agent_13,43,413.44,3.3,Cash,47.0,1.4,17191.25
11137,2023-01-14 16:00:00,Clothing,Product_534,,Agent_03,45,245.2,14.0,Bank Transfer,43.0,1.4,9489.24
11138,2023-01-15 00:00:00,Toys,Product_507,,Agent_14,37,273.99,2.1,Bank Transfer,54.0,3.9,9924.74
11139,2023-01-15 08:00:00,Books,Product_582,Central,Agent_01,36,155.86,17.9,Debit Card,,1.3,4606.6
11140,2023-01-15 16:00:00,Toys,Product_763,West,Agent_04,36,95.0,7.9,Credit Card,46.0,3.0,3149.82
11141,2023-01-16 00:00:00,Home,Product_116,East,Agent_09,4,47.53,15.8,Credit Card,22.0,2.9,160.08
11142,2023-01-16 08:00:00,Clothing,Product_744,East,Agent_13,36,358.49,15.5,Bank Transfer,42.0,2.2,10905.27
11143,2023-01-16 16:00:00,Toys,Product_247,West,Agent_01,18,102.14,27.7,Cash,30.0,4.5,1329.25
11144,2023-01-17 00:00:00,Electronics,Product_376,Central,Agent_12,16,346.59,16.5,Debit Card,41.0,1.7,4630.44
11145,2023-01-17 08:00:00,Books,Product_331,North,Agent_14,41,198.24,17.5,Credit Card,48.0,2.4,6705.47
11146,2023-01-17 16:00:00,Food,Product_925,West,Agent_11,18,210.81,,Bank Transfer,37.0,4.1,3339.23
11147,2023-01-18 00:00:00,Clothing,Product_465,West,Agent_02,22,237.24,28.5,Cash,72.0,1.1,3731.79
11148,2023-01-18 08:00:00,Electronics,Product_327,West,Agent_09,2,187.02,23.3,Cash,25.0,3.7,286.89
11149,2023-01-18 16:00:00,Sports,Product_750,East,Agent_02,21,54.81,8.6,Cash,26.0,4.3,1052.02
11150,2023-01-19 00:00:00,Home,Product_535,South,Agent_13,36,158.27,25.3,PayPal,38.0,4.7,4256.2
11151,2023-01-19 08:00:00,Books,Product_498,North,Agent_03,44,333.55,13.0,Cash,68.0,4.5,12768.29
11152,2023-01-19 16:00:00,Clothing,Product_310,,Agent_07,39,334.56,24.9,Bank Transfer,37.0,2.3,9798.93
11153,2023-01-20 00:00:00,Clothing,Product_490,Central,Agent_03,47,146.68,24.7,Debit Card,,,5191.15
11154,2023-01-20 08:00:00,Food,Product_598,South,Agent_09,39,232.75,5.7,Bank Transfer,43.0,1.3,8559.85
11155,2023-01-20 16:00:00,Food,Product_639,West,Agent_06,29,100.76,21.0,Cash,71.0,2.0,2308.41
11156,2023-01-21 00:00:00,Sports,Product_662,North,Agent_03,26,109.13,8.7,Debit Card,59.0,1.4,2590.53
11157,2023-01-21 08:00:00,Home,Product_590,Central,Agent_09,21,16.41,8.9,Credit Card,28.0,2.3,313.94
11158,2023-01-21 16:00:00,Sports,Product_541,,Agent_01,17,448.89,8.9,Credit Card,54.0,4.5,6951.96
11159,2023-01-22 00:00:00,Electronics,Product_360,West,Agent_10,16,109.3,21.8,Bank Transfer,58.0,2.4,1367.56
11160,2023-01-22 08:00:00,Electronics,Product_872,South,Agent_03,31,117.63,6.9,Debit Card,28.0,,3394.92
11161,2023-01-22 16:00:00,Sports,Product_449,North,Agent_01,9,143.4,0.0,Bank Transfer,44.0,2.7,1290.6
11162,2023-01-23 00:00:00,Home,Product_451,South,Agent_02,31,68.07,21.5,Debit Card,47.0,2.8,1656.48
11163,2023-01-23 08:00:00,Sports,Product_619,South,Agent_12,14,321.44,5.1,Debit Card,36.0,4.9,4270.65
11164,2023-01-23 16:00:00,Home,Product_419,North,Agent_08,49,42.2,3.1,Bank Transfer,51.0,2.2,2003.7
11165,2023-01-24 00:00:00,Home,Product_237,North,Agent_07,37,71.43,7.1,Debit Card,55.0,3.5,2455.26
11166,2023-01-24 08:00:00,Toys,Product_649,Central,Agent_02,2,324.15,11.4,Cash,40.0,,574.39
11167,2023-01-24 16:00:00,Books,Product_722,Central,Agent_02,48,173.13,14.3,Debit Card,70.0,1.2,7121.88
11168,2023-01-25 00:00:00,Home,Product_467,North,Agent_09,46,355.43,1.3,Debit Card,18.0,3.0,16137.23
11169,2023-01-25 08:00:00,Food,Product_319,East,Agent_13,14,280.93,,Bank Transfer,20.0,4.3,2788.51
11170,2023-01-25 16:00:00,Home,Product_436,Central,Agent_13,33,131.73,21.5,Credit Card,20.0,1.4,3412.47
11171,2023-01-26 00:00:00,Home,Product_322,East,Agent_06,35,327.16,9.7,PayPal,45.0,1.3,10339.89
11172,2023-01-26 08:00:00,Home,Product_747,North,Agent_05,39,62.56,9.6,Debit Card,31.0,1.6,2205.62
11173,2023-01-26 16:00:00,Toys,Product_867,Central,Agent_10,47,270.52,13.5,PayPal,69.0,4.1,10997.99
11174,2023-01-27 00:00:00,Toys,Product_459,South,Agent_06,20,221.39,18.8,Debit Card,47.0,3.9,3595.37
11175,2023-01-27 08:00:00,Electronics,Product_428,North,Agent_09,2,137.6,4.4,Bank Transfer,71.0,3.3,263.09
11176,2023-01-27 16:00:00,Toys,Product_562,West,Agent_11,41,303.98,5.7,Bank Transfer,22.0,2.9,11752.78
11177,2023-01-28 00:00:00,Food,Product_660,East,Agent_07,19,436.31,25.8,Debit Card,,4.6,6151.1
11178,2023-01-28 08:00:00,Food,Product_903,North,Agent_15,37,499.46,7.7,Bank Transfer,32.0,4.1,17057.06
11179,2023-01-28 16:00:00,Toys,Product_481,North,Agent_10,18,305.84,11.4,Bank Transfer,55.0,4.2,4877.54
11180,2023-01-29 00:00:00,Sports,Product_935,Central,Agent_10,16,205.33,26.1,Debit Card,31.0,4.3,2427.82
11181,2023-01-29 08:00:00,Books,Product_689,Central,Agent_14,4,116.48,19.9,Credit Card,31.0,3.6,373.2
11182,2023-01-29 16:00:00,Toys,Product_716,Central,Agent_09,12,132.26,10.3,Debit Card,74.0,2.8,1423.65
11183,2023-01-30 00:00:00,Home,Product_268,West,Agent_04,29,242.33,20.5,Credit Card,66.0,4.5,5586.92
11184,2023-01-30 08:00:00,Clothing,Product_316,Central,Agent_02,7,186.8,0.6,Bank Transfer,25.0,4.7,1299.75
11185,2023-01-30 16:00:00,Books,Product_477,North,Agent_12,14,457.34,22.1,Credit Card,25.0,1.1,4987.75
11186,2023-01-31 00:00:00,Books,Product_218,Central,Agent_08,12,187.31,14.6,Bank Transfer,36.0,1.2,1919.55
11187,2023-01-31 08:00:00,Food,Product_289,South,Agent_04,35,189.86,24.4,Credit Card,49.0,4.8,5023.7
11188,2023-01-31 16:00:00,Books,Product_866,Central,Agent_13,5,194.85,28.6,Credit Card,48.0,2.1,695.61
11189,2023-02-01 00:00:00,Toys,Product_469,West,Agent_09,17,419.13,27.8,Debit Card,46.0,4.5,5144.4
11190,2023-02-01 08:00:00,Home,Product_877,South,Agent_15,42,327.14,27.3,Credit Card,58.0,2.6,9988.89
11191,2023-02-01 16:00:00,Home,Product_248,,Agent_15,32,309.01,15.4,Bank Transfer,28.0,1.5,8365.52
11192,2023-02-02 00:00:00,Electronics,Product_775,North,Agent_04,10,170.4,10.8,Debit Card,,,1519.97
11193,2023-02-02 08:00:00,Home,Product_751,East,Agent_15,43,409.86,14.0,Credit Card,30.0,1.6,15156.62
11194,2023-02-02 16:00:00,Home,Product_958,South,Agent_08,17,23.99,20.7,Debit Card,44.0,2.0,323.41
11195,2023-02-03 00:00:00,Food,Product_587,East,Agent_09,5,436.04,26.5,PayPal,73.0,3.0,1602.45
11196,2023-02-03 08:00:00,Home,Product_869,South,Agent_13,45,258.81,6.2,Debit Card,36.0,3.8,10924.37
11197,2023-02-03 16:00:00,Electronics,Product_473,South,Agent_09,42,202.13,27.5,PayPal,43.0,4.9,6154.86
11198,2023-02-04 00:00:00,Clothing,Product_880,West,Agent_10,9,251.1,24.5,PayPal,70.0,2.8,1706.22
11199,2023-02-04 08:00:00,Toys,Product_792,East,Agent_04,49,335.37,29.4,Debit Card,68.0,3.1,11601.79
11200,2023-02-04 16:00:00,Food,Product_259,West,Agent_01,33,11.32,26.4,Bank Transfer,54.0,3.1,274.94
11201,2023-02-05 00:00:00,CLOTHING,Product_450,South,Agent_15,36,436.42,8.4,Bank Transfer,65.0,3.2,14391.39
11202,2023-02-05 08:00:00,Food,Product_387,North,Agent_03,36,226.14,3.2,Bank Transfer,26.0,,7880.53
11203,2023-02-05 16:00:00,Sports,Product_387,South,Agent_09,18,174.77,3.4,Cash,45.0,,3038.9
11204,2023-02-06 00:00:00,Books,Product_991,,Agent_04,9,73.43,8.7,PayPal,49.0,1.0,603.37
11205,2023-02-06 08:00:00,Sports,Product_325,,Agent_05,29,222.54,18.4,Debit Card,69.0,1.4,5266.19
11206,2023-02-06 16:00:00,Home,Product_622,East,Agent_07,14,250.68,24.1,Bank Transfer,71.0,1.4,2663.73
11207,2023-02-07 00:00:00,Clothing,Product_621,West,Agent_05,25,204.81,27.0,Bank Transfer,20.0,,3737.78
11208,2023-02-07 08:00:00,Home,Product_882,East,Agent_04,15,340.94,18.7,Debit Card,68.0,1.8,4157.76
11209,2023-02-07 16:00:00,Books,Product_372,Central,Agent_15,6,213.34,0.2,PayPal,49.0,4.6,1277.48
11210,2023-02-08 00:00:00,Food,Product_501,North,Agent_02,42,480.9,5.6,Debit Card,22.0,,19066.72
11211,2023-02-08 08:00:00,Books,Product_282,North,Agent_15,29,301.64,,Cash,25.0,4.9,8485.13
11212,2023-02-08 16:00:00,Electronics,Product_764,North,Agent_02,15,404.7,10.9,Cash,31.0,4.8,5408.82
11213,2023-02-09 00:00:00,Books,Product_587,East,Agent_13,29,59.13,15.0,Debit Card,73.0,2.1,1457.55
11214,2023-02-09 08:00:00,Electronics,Product_926,East,Agent_13,4,201.66,1.3,PayPal,20.0,3.0,796.15
11215,2023-02-09 16:00:00,Books,Product_945,South,Agent_04,18,171.74,,Bank Transfer,41.0,,2766.73
11216,2023-02-10 00:00:00,Toys,Product_223,South,Agent_10,49,286.89,5.4,Cash,30.0,4.2,13298.5
11217,2023-02-10 08:00:00,Electronics,Product_725,,Agent_13,44,431.25,19.4,Cash,60.0,4.6,15293.85
11218,2023-02-10 16:00:00,Clothing,Product_889,,Agent_10,39,43.78,13.9,PayPal,46.0,4.4,1470.09
11219,2023-02-11 00:00:00,Home,Product_513,South,Agent_13,16,40.92,14.9,Cash,25.0,2.7,557.17
11220,2023-02-11 08:00:00,Home,Product_824,South,Agent_15,11,425.91,12.8,Cash,68.0,4.0,4085.33
11221,2023-02-11 16:00:00,Sports,Product_271,East,Agent_09,14,110.36,28.7,PayPal,59.0,1.4,1101.61
11222,2023-02-12 00:00:00,Home,Product_387,Central,Agent_08,3,336.03,6.4,Debit Card,48.0,1.2,943.57
11223,2023-02-12 08:00:00,Food,Product_534,North,Agent_03,42,273.72,15.5,Bank Transfer,43.0,4.0,9714.32
11224,2023-02-12 16:00:00,Toys,Product_785,South,Agent_15,38,417.28,22.1,Bank Transfer,,2.7,12352.32
11225,2023-02-13 00:00:00,Books,Product_212,Central,Agent_14,45,66.92,16.7,Cash,35.0,5.0,2508.5
11226,2023-02-13 08:00:00,Sports,Product_987,Central,Agent_09,42,69.24,27.9,Bank Transfer,74.0,1.4,2096.73
11227,2023-02-13 16:00:00,Food,Product_221,North,Agent_14,18,280.63,11.3,Debit Card,24.0,4.4,4480.54
11228,2023-02-14 00:00:00,Food,Product_643,Central,Agent_05,20,473.46,13.9,Cash,65.0,2.9,8152.98
11229,2023-02-14 08:00:00,Electronics,Product_321,Central,Agent_11,48,210.42,2.7,Bank Transfer,,4.3,9827.46
11230,2023-02-14 16:00:00,Home,Product_730,Central,Agent_03,25,166.84,18.3,Credit Card,65.0,4.3,3407.71
11231,2023-02-15 00:00:00,Clothing,Product_138,South,Agent_05,38,305.31,8.6,Credit Card,33.0,4.7,10604.03
11232,2023-02-15 08:00:00,Clothing,Product_596,North,Agent_13,13,465.57,4.8,Credit Card,72.0,2.2,5761.89
11233,2023-02-15 16:00:00,Sports,Product_879,Central,Agent_10,4,419.28,16.3,Credit Card,73.0,4.8,1403.75
11234,2023-02-16 00:00:00,Toys,Product_332,Central,Agent_13,14,497.76,16.0,Credit Card,50.0,1.6,5853.66
11235,2023-02-16 08:00:00,Clothing,Product_629,South,Agent_04,33,16.17,2.3,Cash,73.0,,521.34
11236,2023-02-16 16:00:00,Books,Product_248,North,Agent_08,28,60.86,20.9,PayPal,68.0,2.7,1347.93
11237,2023-02-17 00:00:00,Clothing,Product_496,East,Agent_13,37,306.69,18.7,PayPal,20.0,4.3,9225.54
11238,2023-02-17 08:00:00,Sports,Product_760,South,Agent_12,8,411.19,5.7,Cash,55.0,2.9,3102.02
11239,2023-02-17 16:00:00,Clothing,Product_737,,Agent_05,44,146.2,,Cash,21.0,4.3,5525.78
11240,2023-02-18 00:00:00,BOOKS,Product_401,Central,Agent_10,34,123.41,21.6,Debit Card,53.0,3.9,3289.62
11241,2023-02-18 08:00:00,Electronics,Product_459,North,Agent_12,44,394.55,15.9,PayPal,21.0,1.8,14599.93
11242,2023-02-18 16:00:00,Toys,Product_337,North,Agent_08,5,32.91,11.9,Credit Card,59.0,4.8,144.97
11243,2023-02-19 00:00:00,Sports,Product_746,North,Agent_09,5,187.84,9.7,Cash,26.0,1.2,848.1
11244,2023-02-19 08:00:00,Electronics,Product_762,East,Agent_04,31,255.38,18.3,Credit Card,57.0,4.6,6468.01
11245,2023-02-19 16:00:00,Electronics,Product_335,North,Agent_07,45,282.37,28.2,PayPal,68.0,2.2,9123.37
11246,2023-02-20 00:00:00,Electronics,Product_835,East,Agent_02,9,365.66,20.2,Bank Transfer,34.0,,2626.17
11247,2023-02-20 08:00:00,Food,Product_302,,Agent_06,42,180.65,2.2,Bank Transfer,34.0,2.7,7420.38
11248,2023-02-20 16:00:00,Toys,Product_355,East,Agent_08,32,308.28,13.8,Cash,50.0,1.7,8503.6
11249,2023-02-21 00:00:00,Home,Product_697,Central,Agent_12,33,294.76,26.7,Debit Card,37.0,2.4,7129.95
11250,2023-02-21 08:00:00,Toys,Product_761,Central,Agent_07,3,276.07,2.8,Credit Card,31.0,1.8,805.02
11251,2023-02-21 16:00:00,Food,Product_334,East,Agent_07,30,322.04,29.7,Cash,39.0,1.8,6791.82
11252,2023-02-22 00:00:00,Home,Product_444,South,Agent_08,12,133.43,,Debit Card,69.0,1.7,1144.83
11253,2023-02-22 08:00:00,Toys,Product_633,West,Agent_07,29,46.9,2.3,Credit Card,44.0,3.0,1328.82
11254,2023-02-22 16:00:00,Electronics,Product_959,North,Agent_05,3,64.04,28.0,PayPal,60.0,4.2,138.33
11255,2023-02-23 00:00:00,Sports,Product_896,West,Agent_07,26,116.17,10.9,Bank Transfer,20.0,3.3,2691.19
11256,2023-02-23 08:00:00,Home,Product_880,North,Agent_13,30,252.6,25.3,Debit Card,41.0,4.6,5660.77
11257,2023-02-23 16:00:00,Books,Product_565,North,Agent_14,9,421.02,12.6,Credit Card,47.0,3.5,3311.74
11258,2023-02-24 00:00:00,Books,Product_869,Central,Agent_10,26,352.14,13.2,Cash,25.0,3.8,7947.1
11259,2023-02-24 08:00:00,Clothing,Product_640,North,Agent_03,2,395.58,19.0,Credit Card,39.0,,640.84
11260,2023-02-24 16:00:00,Home,Product_312,North,Agent_05,3,178.73,23.2,Cash,42.0,2.8,411.79
11261,2023-02-25 00:00:00,Sports,Product_562,East,Agent_07,46,205.3,1.0,Bank Transfer,27.0,3.8,9349.36
11262,2023-02-25 08:00:00,Food,Product_535,West,Agent_15,4,199.87,17.8,Bank Transfer,66.0,1.3,657.17
11263,2023-02-25 16:00:00,Electronics,Product_382,East,Agent_09,25,99.98,5.6,Credit Card,46.0,4.4,2359.53
11264,2023-02-26 00:00:00,Clothing,Product_661,North,Agent_15,13,35.3,10.4,Credit Card,57.0,4.1,411.17
11265,2023-02-26 08:00:00,Books,Product_706,Central,Agent_02,39,297.5,10.4,Cash,71.0,2.0,10395.84
11266,2023-02-26 16:00:00,Food,Product_562,East,Agent_04,44,494.66,14.1,Cash,18.0,4.1,18696.17
11267,2023-02-27 00:00:00,Food,Product_506,East,Agent_12,35,87.58,10.0,Debit Card,69.0,1.1,2758.77
11268,2023-02-27 08:00:00,Electronics,Product_187,South,Agent_07,23,28.11,3.2,Debit Card,38.0,1.9,625.84
11269,2023-02-27 16:00:00,Home,Product_143,North,Agent_01,9,390.87,,Debit Card,56.0,1.3,3363.05
11270,2023-02-28 00:00:00,Books,Product_560,Central,Agent_13,2,130.03,1.0,Credit Card,41.0,4.1,257.46
11271,2023-02-28 08:00:00,Sports,Product_377,East,Agent_02,41,415.67,,Debit Card,26.0,4.0,14639.48
11272,2023-02-28 16:00:00,Food,Product_782,East,Agent_09,44,353.45,28.6,Credit Card,61.0,4.3,11103.99
11273,2023-03-01 00:00:00,Electronics,Product_520,Central,Agent_13,31,473.11,3.5,Bank Transfer,71.0,1.0,14153.09
11274,2023-03-01 08:00:00,Sports,Product_800,North,Agent_10,44,207.42,,PayPal,43.0,3.0,6534.56
11275,2023-03-01 16:00:00,Home,Product_452,South,Agent_07,47,332.68,22.0,Bank Transfer,26.0,3.8,12196.05
11276,2023-03-02 00:00:00,Books,Product_795,East,Agent_12,2,235.1,19.1,Credit Card,37.0,1.6,380.39
11277,2023-03-02 08:00:00,Home,Product_614,South,Agent_10,32,317.14,19.4,Credit Card,73.0,3.6,8179.67
11278,2023-03-02 16:00:00,Food,Product_802,West,Agent_07,18,227.55,24.8,PayPal,52.0,1.3,3080.12
11279,2023-03-03 00:00:00,Sports,Product_729,,Agent_06,13,98.37,3.2,Cash,53.0,1.7,1237.89
11280,2023-03-03 08:00:00,Sports,Product_118,West,Agent_03,46,256.41,15.1,Cash,,2.9,10013.84
11281,2023-03-03 16:00:00,Sports,Product_122,West,Agent_10,5,266.65,20.9,Cash,53.0,3.6,1054.6
11282,2023-03-04 00:00:00,Food,Product_512,West,Agent_03,42,406.25,17.6,Debit Card,71.0,1.6,14059.5
11283,2023-03-04 08:00:00,Food,Product_129,North,Agent_02,44,369.08,25.0,Cash,26.0,1.7,12179.64
11284,2023-03-04 16:00:00,Home,Product_906,North,Agent_11,10,333.58,,Debit Card,39.0,,3262.41
11285,2023-03-05 00:00:00,Clothing,Product_207,Central,Agent_06,43,61.13,,Debit Card,18.0,2.0,2084.47
11286,2023-03-05 08:00:00,Home,Product_466,South,Agent_04,25,361.71,16.0,Cash,22.0,1.9,7595.91
11287,2023-03-05 16:00:00,Books,Product_380,South,Agent_05,34,252.65,11.4,Cash,26.0,2.6,7610.83
11288,2023-03-06 00:00:00,Electronics,Product_227,Central,Agent_03,37,447.58,10.2,PayPal,54.0,3.6,14871.29
11289,2023-03-06 08:00:00,Sports,Product_328,Central,Agent_06,30,460.34,18.6,PayPal,55.0,2.8,11241.5
11290,2023-03-06 16:00:00,Clothing,Product_210,West,Agent_11,7,32.3,26.7,Debit Card,36.0,4.1,165.73
11291,2023-03-07 00:00:00,Electronics,Product_235,Central,Agent_12,6,411.22,14.9,PayPal,25.0,3.9,2099.69
11292,2023-03-07 08:00:00,Clothing,Product_461,East,Agent_03,3,23.66,,Debit Card,59.0,1.5,53.45
11293,2023-03-07 16:00:00,Toys,Product_285,South,Agent_14,13,186.75,12.1,Credit Card,60.0,1.2,2133.99
11294,2023-03-08 00:00:00,Home,Product_755,Central,Agent_15,3,273.44,3.1,Debit Card,49.0,4.5,794.89
11295,2023-03-08 08:00:00,Food,Product_683,East,Agent_14,26,78.31,1.8,Debit Card,30.0,1.3,1999.41
11296,2023-03-08 16:00:00,Sports,Product_228,East,Agent_08,24,374.43,1.5,PayPal,37.0,1.6,8851.53
11297,2023-03-09 00:00:00,Home,Product_975,East,Agent_09,6,9.14,11.4,Credit Card,53.0,1.1,48.59
11298,2023-03-09 08:00:00,Electronics,Product_360,East,Agent_04,43,88.46,,Bank Transfer,60.0,,3419.6
11299,2023-03-09 16:00:00,Toys,Product_614,West,Agent_15,49,292.49,21.5,Bank Transfer,61.0,3.3,11250.63
11300,2023-03-10 00:00:00,Toys,Product_548,,Agent_09,42,358.62,22.3,Bank Transfer,54.0,4.9,11703.21
11301,2023-03-10 08:00:00,Toys,Product_203,West,Agent_12,12,458.74,1.5,Credit Card,47.0,4.5,5422.31
11302,2023-03-10 16:00:00,Electronics,Product_582,West,Agent_07,49,354.22,6.6,Cash,27.0,2.6,16211.23
11303,2023-03-11 00:00:00,Electronics,Product_323,East,Agent_03,36,337.53,8.2,Credit Card,48.0,2.5,11154.69
11304,2023-03-11 08:00:00,Electronics,Product_931,South,Agent_07,2,200.2,16.4,PayPal,42.0,2.2,334.73
11305,2023-03-11 16:00:00,Electronics,Product_973,East,Agent_14,11,5.64,4.3,Debit Card,46.0,1.6,59.37
11306,2023-03-12 00:00:00,Toys,Product_965,East,Agent_01,39,64.48,4.0,Debit Card,41.0,1.6,2414.13
11307,2023-03-12 08:00:00,Toys,Product_590,East,Agent_03,34,269.6,28.3,PayPal,56.0,1.5,6572.31
11308,2023-03-12 16:00:00,Clothing,Product_572,South,Agent_06,26,339.19,24.1,PayPal,38.0,1.5,6693.58
11309,2023-03-13 00:00:00,Home,Product_109,North,Agent_04,18,211.64,5.4,Debit Card,58.0,2.0,3603.81
11310,2023-03-13 08:00:00,Sports,Product_504,North,Agent_07,21,366.69,12.2,Cash,26.0,,6761.03
11311,2023-03-13 16:00:00,Food,Product_995,West,Agent_14,36,263.32,10.7,Cash,59.0,4.8,8465.21
11312,2023-03-14 00:00:00,Toys,Product_401,West,Agent_03,40,41.72,23.7,Cash,59.0,3.3,1273.29
11313,2023-03-14 08:00:00,Food,Product_330,South,Agent_01,46,100.05,15.3,PayPal,19.0,5.0,3898.15
11314,2023-03-14 16:00:00,Home,Product_830,Central,Agent_09,44,420.8,,Debit Card,21.0,2.5,17811.62
11315,2023-03-15 00:00:00,Home,Product_165,North,Agent_15,22,363.83,22.2,Debit Card,25.0,2.8,6227.31
11316,2023-03-15 08:00:00,Food,Product_211,West,Agent_06,30,447.91,11.9,Debit Card,49.0,2.3,11838.26
11317,2023-03-15 16:00:00,Toys,Product_112,North,Agent_08,43,63.19,7.9,Credit Card,31.0,1.7,2502.51
11318,2023-03-16 00:00:00,Food,Product_492,South,Agent_03,30,495.16,11.3,Credit Card,66.0,1.6,13176.21
11319,2023-03-16 08:00:00,Clothing,Product_599,South,Agent_08,8,108.66,14.9,Bank Transfer,30.0,4.8,739.76
11320,2023-03-16 16:00:00,Books,Product_697,Central,Agent_02,34,10.83,10.3,Credit Card,38.0,4.9,330.29
11321,2023-03-17 00:00:00,Toys,Product_333,Central,Agent_12,47,498.72,7.3,Cash,41.0,1.2,21728.73
11322,2023-03-17 08:00:00,TOYS,Product_701,South,Agent_04,9,144.13,12.0,Cash,67.0,1.6,1141.51
11323,2023-03-17 16:00:00,Sports,Product_413,West,Agent_03,20,335.67,0.6,Cash,35.0,2.7,6673.12
11324,2023-03-18 00:00:00,Electronics,Product_665,North,Agent_10,40,92.46,23.2,Cash,62.0,1.7,2840.37
11325,2023-03-18 08:00:00,Books,Product_111,East,Agent_01,25,292.21,5.1,Bank Transfer,57.0,2.5,6932.68
11326,2023-03-18 16:00:00,Home,Product_308,Central,Agent_15,19,452.5,1.3,Cash,43.0,1.5,8485.73
11327,2023-03-19 00:00:00,Toys,Product_113,East,Agent_13,5,163.49,19.6,PayPal,49.0,2.8,657.23
11328,2023-03-19 08:00:00,Food,Product_732,West,Agent_13,11,336.78,23.2,PayPal,61.0,2.1,2845.12
11329,2023-03-19 16:00:00,Books,Product_517,Central,Agent_07,15,98.01,24.4,PayPal,74.0,2.4,1111.43
11330,2023-03-20 00:00:00,Sports,Product_536,East,Agent_11,8,314.27,14.8,Credit Card,72.0,1.4,2142.06
11331,2023-03-20 08:00:00,Home,Product_476,West,Agent_10,19,171.54,6.2,Debit Card,73.0,2.7,3057.19
11332,2023-03-20 16:00:00,Electronics,Product_119,North,Agent_02,23,109.55,22.1,Bank Transfer,70.0,4.9,1962.81
11333,2023-03-21 00:00:00,Electronics,Product_686,West,Agent_04,27,160.03,21.0,PayPal,50.0,2.3,3413.44
11334,2023-03-21 08:00:00,Sports,Product_854,Central,Agent_09,40,93.53,7.4,PayPal,69.0,4.5,3464.35
11335,2023-03-21 16:00:00,Sports,Product_834,South,Agent_06,32,451.45,27.1,Cash,48.0,4.4,10531.43
11336,2023-03-22 00:00:00,Food,Product_169,North,Agent_08,26,201.61,3.1,PayPal,35.0,4.8,5079.36
11337,2023-03-22 08:00:00,Toys,Product_923,East,Agent_02,27,126.41,29.5,Cash,52.0,4.2,2406.21
11338,2023-03-22 16:00:00,Electronics,Product_310,Central,Agent_07,19,226.96,25.8,Cash,,3.6,3199.68
11339,2023-03-23 00:00:00,Home,Product_200,South,Agent_06,42,163.67,20.6,Debit Card,68.0,4.4,5458.07
11340,2023-03-23 08:00:00,Books,Product_797,West,Agent_13,29,373.49,28.2,Credit Card,42.0,1.3,7776.81
11341,2023-03-23 16:00:00,Home,Product_231,South,Agent_14,39,485.75,21.7,Cash,62.0,2.9,14833.35
11342,2023-03-24 00:00:00,Clothing,Product_722,Central,Agent_09,41,221.83,5.7,Cash,48.0,5.0,8576.61
11343,2023-03-24 08:00:00,Clothing,Product_480,Central,Agent_07,33,431.21,13.3,Debit Card,27.0,4.1,12337.35
11344,2023-03-24 16:00:00,Sports,Product_231,South,Agent_01,19,285.1,2.1,Cash,64.0,4.8,5303.15
11345,2023-03-25 00:00:00,Food,Product_119,West,Agent_14,37,82.83,11.7,Bank Transfer,69.0,4.1,2706.14
11346,2023-03-25 08:00:00,Clothing,Product_635,South,Agent_08,19,346.86,22.2,Credit Card,51.0,4.5,5127.28
11347,2023-03-25 16:00:00,Electronics,Product_326,Central,Agent_11,33,259.15,11.6,Bank Transfer,68.0,3.8,7559.92
11348,2023-03-26 00:00:00,Home,Product_253,Central,Agent_10,47,327.05,9.9,PayPal,20.0,4.0,13849.59
11349,2023-03-26 08:00:00,Home,Product_904,East,Agent_15,16,445.4,17.9,Credit Card,63.0,3.1,5850.77
11350,2023-03-26 16:00:00,Sports,Product_841,East,Agent_03,23,223.02,26.2,PayPal,56.0,4.7,3785.54
11351,2023-03-27 00:00:00,Toys,Product_568,North,Agent_14,7,451.08,1.4,Cash,25.0,4.3,3113.35
11352,2023-03-27 08:00:00,Toys,Product_921,Central,Agent_02,26,376.58,11.6,Debit Card,,4.4,8655.31
11353,2023-03-27 16:00:00,Books,Product_970,East,Agent_12,32,246.86,4.7,Bank Transfer,60.0,3.7,7528.24
11354,2023-03-28 00:00:00,Sports,Product_504,South,Agent_03,12,303.59,,PayPal,46.0,2.2,2881.68
11355,2023-03-28 08:00:00,Books,Product_301,West,Agent_11,8,166.16,,Cash,39.0,1.1,1286.74
11356,2023-03-28 16:00:00,Toys,Product_137,South,Agent_06,5,491.88,19.9,Bank Transfer,37.0,4.7,1969.98
11357,2023-03-29 00:00:00,Sports,Product_871,West,Agent_13,42,335.34,8.6,Bank Transfer,23.0,3.3,12873.03
11358,2023-03-29 08:00:00,Sports,Product_287,East,Agent_14,28,26.7,,PayPal,,,702.74
11359,2023-03-29 16:00:00,Sports,Product_156,North,Agent_03,5,166.68,28.1,Cash,66.0,,599.21
11360,2023-03-30 00:00:00,Toys,Product_119,South,Agent_10,49,313.54,0.6,Debit Card,46.0,4.3,15271.28
11361,2023-03-30 08:00:00,Books,Product_372,,Agent_05,26,32.88,13.1,PayPal,,4.3,742.89
11362,2023-03-30 16:00:00,Books,Product_218,South,Agent_06,5,16.82,0.6,Bank Transfer,73.0,4.3,83.6
11363,2023-03-31 00:00:00,Sports,Product_682,West,Agent_08,22,227.76,14.5,Bank Transfer,34.0,,4284.17
11364,2023-03-31 08:00:00,Clothing,Product_615,East,Agent_07,15,169.68,15.0,Credit Card,48.0,2.5,2163.42
11365,2023-03-31 16:00:00,Food,Product_320,South,Agent_14,13,221.96,,Cash,70.0,2.2,2608.47
11366,2023-04-01 00:00:00,Toys,Product_625,South,Agent_11,28,135.03,4.0,Credit Card,51.0,,3629.61
11367,2023-04-01 08:00:00,Food,Product_614,North,Agent_08,33,86.54,11.3,Debit Card,55.0,4.3,2533.11
11368,2023-04-01 16:00:00,Food,Product_827,North,Agent_03,43,346.13,20.2,PayPal,74.0,1.3,11877.1
11369,2023-04-02 00:00:00,Books,Product_840,East,Agent_04,23,259.71,23.5,Bank Transfer,54.0,3.5,4569.6
11370,2023-04-02 08:00:00,Books,Product_435,East,Agent_06,33,104.08,15.9,Cash,,3.0,2888.53
11371,2023-04-02 16:00:00,Clothing,Product_797,Central,Agent_11,43,163.2,17.7,Bank Transfer,19.0,3.1,5775.48
11372,2023-04-03 00:00:00,Food,Product_154,North,Agent_07,18,297.94,6.0,Credit Card,29.0,4.7,5041.14
11373,2023-04-03 08:00:00,Food,Product_599,Central,Agent_09,30,40.75,8.6,Credit Card,52.0,,1117.36
11374,2023-04-03 16:00:00,Sports,Product_987,West,Agent_13,26,77.99,4.9,PayPal,23.0,4.1,1928.38
11375,2023-04-04 00:00:00,Books,Product_865,Central,Agent_01,16,41.26,7.5,Cash,73.0,1.2,610.65
11376,2023-04-04 08:00:00,Food,Product_635,South,Agent_13,13,407.1,,Cash,63.0,1.2,4937.72
11377,2023-04-04 16:00:00,Home,Product_261,Central,Agent_15,39,377.44,,PayPal,25.0,2.7,12423.82
11378,2023-04-05 00:00:00,Clothing,Product_769,East,Agent_08,33,377.89,16.9,Credit Card,38.0,1.3,10362.88
11379,2023-04-05 08:00:00,Home,Product_693,West,Agent_08,26,359.58,28.3,Credit Card,70.0,4.2,6703.29
11380,2023-04-05 16:00:00,Home,Product_258,South,Agent_06,48,336.35,5.9,Credit Card,63.0,3.1,15192.26
11381,2023-04-06 00:00:00,Toys,Product_287,Central,Agent_04,1,241.11,,Bank Transfer,52.0,1.1,194.58
11382,2023-04-06 08:00:00,Toys,Product_159,,Agent_03,49,322.93,24.5,Debit Card,65.0,1.2,11946.8
11383,2023-04-06 16:00:00,Clothing,Product_916,West,Agent_11,38,23.99,16.8,Credit Card,32.0,,758.47
11384,2023-04-07 00:00:00,Home,Product_418,South,Agent_03,2,312.62,7.7,Debit Card,,4.2,577.1
11385,2023-04-07 08:00:00,Food,Product_977,Central,Agent_06,49,390.05,7.9,Debit Card,32.0,2.8,17602.57
11386,2023-04-07 16:00:00,Books,Product_310,West,Agent_13,6,252.68,1.2,Cash,62.0,3.2,1497.89
11387,2023-04-08 00:00:00,Clothing,Product_505,West,Agent_08,46,181.97,9.2,PayPal,23.0,4.2,7600.52
11388,2023-04-08 08:00:00,Sports,Product_763,North,Agent_07,38,142.33,22.3,Bank Transfer,64.0,3.4,4202.44
11389,2023-04-08 16:00:00,Home,Product_208,West,Agent_11,42,323.19,1.4,Debit Card,34.0,,13383.94
11390,2023-04-09 00:00:00,Clothing,Product_175,North,Agent_01,24,347.94,6.6,Bank Transfer,21.0,3.5,7799.42
11391,2023-04-09 08:00:00,Electronics,Product_641,Central,Agent_11,18,436.13,21.2,Cash,39.0,3.5,6186.07
11392,2023-04-09 16:00:00,Electronics,Product_413,Central,Agent_06,27,174.46,23.5,Credit Card,49.0,3.9,3603.47
11393,2023-04-10 00:00:00,Toys,Product_216,Central,Agent_07,41,386.04,13.7,Debit Card,39.0,3.5,13659.25
11394,2023-04-10 08:00:00,Books,Product_967,,Agent_12,8,282.87,20.9,PayPal,44.0,4.9,1790.0
11395,2023-04-10 16:00:00,Food,Product_803,Central,Agent_07,28,442.0,11.6,Cash,63.0,1.8,10940.38
11396,2023-04-11 00:00:00,Books,Product_118,West,Agent_09,10,266.27,4.8,Bank Transfer,32.0,4.8,2534.89
11397,2023-04-11 08:00:00,Books,Product_531,South,Agent_11,17,261.23,11.9,Credit Card,,3.2,3912.44
11398,2023-04-11 16:00:00,Books,Product_784,,Agent_11,29,291.05,17.4,Bank Transfer,68.0,3.7,6971.81
11399,2023-04-12 00:00:00,Books,Product_839,East,Agent_10,6,375.91,28.4,PayPal,39.0,1.4,1614.91
11400,2023-04-12 08:00:00,Sports,Product_449,Central,Agent_05,14,482.52,2.1,Debit Card,45.0,2.5,6613.42
11401,2023-04-12 16:00:00,Sports,Product_282,Central,Agent_01,22,41.41,15.2,PayPal,59.0,4.1,772.54
11402,2023-04-13 00:00:00,Toys,Product_212,South,Agent_02,6,31.45,9.9,Bank Transfer,55.0,3.8,170.02
11403,2023-04-13 08:00:00,Clothing,Product_282,South,Agent_15,26,469.09,15.2,Bank Transfer,,1.2,10342.5
11404,2023-04-13 16:00:00,Electronics,Product_580,East,Agent_04,39,267.29,0.7,PayPal,26.0,3.2,10351.34
11405,2023-04-14 00:00:00,Books,Product_245,North,Agent_05,12,309.38,9.4,PayPal,51.0,1.4,3363.58
11406,2023-04-14 08:00:00,Toys,Product_930,Central,Agent_09,35,243.8,24.6,PayPal,,5.0,6433.88
11407,2023-04-14 16:00:00,Clothing,Product_727,East,Agent_11,14,51.36,16.6,Credit Card,26.0,4.6,599.68
11408,2023-04-15 00:00:00,Electronics,Product_212,West,Agent_15,22,385.2,13.5,Bank Transfer,32.0,1.1,7330.36
11409,2023-04-15 08:00:00,Home,Product_862,West,Agent_01,23,374.88,8.6,Cash,62.0,,7880.73
11410,2023-04-15 16:00:00,Food,Product_575,East,Agent_03,48,159.29,8.9,Credit Card,37.0,4.7,6965.43
11411,2023-04-16 00:00:00,Sports,Product_862,Central,Agent_05,7,156.59,11.5,Credit Card,25.0,2.4,970.08
11412,2023-04-16 08:00:00,Home,Product_402,East,Agent_03,40,419.73,25.1,Credit Card,45.0,3.9,12575.11
11413,2023-04-16 16:00:00,Electronics,Product_924,Central,Agent_04,25,40.82,29.0,Cash,68.0,2.8,724.56
11414,2023-04-17 00:00:00,Home,Product_217,South,Agent_15,13,441.15,13.2,PayPal,36.0,3.6,4977.94
11415,2023-04-17 08:00:00,Food,Product_912,East,Agent_14,21,132.05,,Bank Transfer,74.0,2.4,2445.83
11416,2023-04-17 16:00:00,TOYS,Product_260,Central,Agent_03,41,298.53,25.4,Debit Card,33.0,2.3,9130.84
11417,2023-04-18 00:00:00,Electronics,Product_500,East,Agent_04,10,468.32,12.8,Debit Card,28.0,2.7,4083.75
11418,2023-04-18 08:00:00,Home,Product_297,East,Agent_14,9,340.67,16.6,Bank Transfer,59.0,1.6,2557.07
11419,2023-04-18 16:00:00,Sports,Product_359,Central,Agent_15,15,210.14,6.9,Cash,25.0,4.3,2934.61
11420,2023-04-19 00:00:00,Sports,Product_759,Central,Agent_13,2,346.32,22.3,Debit Card,50.0,2.4,538.18
11421,2023-04-19 08:00:00,Clothing,Product_851,North,Agent_13,25,175.27,16.0,Credit Card,27.0,2.6,3680.67
11422,2023-04-19 16:00:00,Home,Product_146,East,Agent_15,13,142.24,24.3,Debit Card,35.0,4.6,1399.78
11423,2023-04-20 00:00:00,Books,Product_498,West,Agent_15,34,498.36,23.4,Bank Transfer,52.0,3.0,12979.29
11424,2023-04-20 08:00:00,Home,Product_809,East,Agent_01,34,376.64,6.5,Credit Card,60.0,3.2,11973.39
11425,2023-04-20 16:00:00,Toys,Product_658,East,Agent_12,35,324.14,21.5,Debit Card,67.0,4.8,8905.75
11426,2023-04-21 00:00:00,Electronics,Product_177,Central,Agent_08,38,180.87,24.0,Bank Transfer,20.0,4.5,5223.53
11427,2023-04-21 08:00:00,Electronics,Product_223,East,Agent_04,3,29.33,10.4,Cash,57.0,1.7,78.84
11428,2023-04-21 16:00:00,Toys,Product_174,East,Agent_07,42,20.37,5.2,Bank Transfer,44.0,2.9,811.05
11429,2023-04-22 00:00:00,Home,Product_970,,Agent_02,6,279.32,0.1,Cash,45.0,4.9,1674.24
11430,2023-04-22 08:00:00,Toys,Product_236,Central,Agent_02,48,382.21,,Credit Card,63.0,2.5,15869.36
11431,2023-04-22 16:00:00,Food,Product_701,East,Agent_06,49,271.0,10.6,Bank Transfer,23.0,2.5,11871.43
11432,2023-04-23 00:00:00,Toys,Product_499,South,Agent_14,19,421.19,16.6,PayPal,64.0,1.8,6674.18
11433,2023-04-23 08:00:00,Sports,Product_936,,Agent_02,3,21.55,5.6,PayPal,31.0,1.5,61.03
11434,2023-04-23 16:00:00,Toys,Product_604,West,Agent_15,18,186.54,,PayPal,24.0,4.0,2491.43
11435,2023-04-24 00:00:00,Electronics,Product_599,East,Agent_15,39,122.35,7.7,PayPal,27.0,4.1,4404.23
11436,2023-04-24 08:00:00,Sports,Product_672,South,Agent_06,9,226.4,6.8,PayPal,32.0,4.9,1899.04
11437,2023-04-24 16:00:00,Electronics,Product_237,East,Agent_11,12,40.83,14.4,Cash,48.0,4.1,419.41
11438,2023-04-25 00:00:00,Clothing,Product_149,East,Agent_15,5,477.3,15.0,Bank Transfer,46.0,2.0,2028.52
11439,2023-04-25 08:00:00,Books,Product_870,Central,Agent_02,3,115.51,6.5,Credit Card,,1.2,324.01
11440,2023-04-25 16:00:00,Electronics,Product_718,Central,Agent_04,11,461.54,8.2,PayPal,71.0,4.9,4660.63
11441,2023-04-26 00:00:00,Sports,Product_724,Central,Agent_07,30,215.82,5.1,PayPal,,2.4,6144.4
11442,2023-04-26 08:00:00,Clothing,Product_961,South,Agent_08,4,492.83,21.6,Credit Card,68.0,,1545.51
11443,2023-04-26 16:00:00,Electronics,Product_353,East,Agent_15,5,279.26,23.1,Credit Card,46.0,4.6,1073.75
11444,2023-04-27 00:00:00,Food,Product_729,North,Agent_03,1,465.76,13.9,PayPal,66.0,3.3,401.02
11445,2023-04-27 08:00:00,Toys,Product_809,West,Agent_14,27,7.65,21.4,Cash,61.0,1.9,162.35
11446,2023-04-27 16:00:00,Books,Product_948,Central,Agent_15,28,375.38,22.1,Credit Card,32.0,4.6,8187.79
11447,2023-04-28 00:00:00,Electronics,Product_976,Central,Agent_13,29,452.01,4.1,Bank Transfer,43.0,5.0,12570.85
11448,2023-04-28 08:00:00,Clothing,Product_662,East,Agent_09,18,74.16,29.0,Bank Transfer,29.0,1.3,947.76
11449,2023-04-28 16:00:00,Food,Product_856,East,Agent_02,12,52.58,24.6,Cash,42.0,4.4,475.74
11450,2023-04-29 00:00:00,Home,Product_525,South,Agent_08,13,215.16,6.1,Debit Card,58.0,2.6,2626.46
11451,2023-04-29 08:00:00,Clothing,Product_646,South,Agent_08,41,467.17,5.6,Cash,22.0,3.1,18081.35
11452,2023-04-29 16:00:00,Toys,Product_401,Central,Agent_13,2,273.48,3.8,PayPal,21.0,4.7,526.18
11453,2023-04-30 00:00:00,Clothing,Product_680,East,Agent_14,37,266.09,4.2,Debit Card,61.0,4.9,9431.83
11454,2023-04-30 08:00:00,Food,Product_448,North,Agent_04,45,74.86,22.4,PayPal,65.0,2.0,2614.11
11455,2023-04-30 16:00:00,Clothing,Product_931,West,Agent_01,16,5.39,14.1,Bank Transfer,58.0,1.9,74.08
11456,2023-05-01 00:00:00,Food,Product_148,East,Agent_13,48,406.02,,Credit Card,74.0,1.3,14909.05
11457,2023-05-01 08:00:00,Electronics,Product_173,East,Agent_01,24,48.35,22.4,PayPal,48.0,3.2,900.47
11458,2023-05-01 16:00:00,Food,Product_803,South,Agent_02,35,318.76,18.1,Bank Transfer,20.0,1.1,9137.26
11459,2023-05-02 00:00:00,Food,Product_360,West,Agent_14,22,457.74,20.6,Cash,70.0,2.6,7995.8
11460,2023-05-02 08:00:00,Books,Product_455,Central,Agent_15,36,108.28,0.6,PayPal,20.0,1.3,3874.69
11461,2023-05-02 16:00:00,Food,Product_681,,Agent_12,11,334.31,9.4,Bank Transfer,43.0,2.6,3331.73
11462,2023-05-03 00:00:00,Food,Product_701,Central,Agent_14,46,43.96,19.1,Credit Card,67.0,1.2,1635.93
11463,2023-05-03 08:00:00,Home,Product_359,East,Agent_09,29,303.86,0.3,PayPal,34.0,4.3,8785.5
11464,2023-05-03 16:00:00,Electronics,Product_737,Central,Agent_13,35,86.15,1.0,Bank Transfer,27.0,1.8,2985.1
11465,2023-05-04 00:00:00,Toys,Product_842,West,Agent_02,48,369.3,25.6,PayPal,19.0,2.3,13188.44
11466,2023-05-04 08:00:00,Books,Product_394,South,Agent_02,15,154.11,20.5,Credit Card,41.0,4.5,1837.76
11467,2023-05-04 16:00:00,Home,Product_740,West,Agent_06,31,234.38,8.0,PayPal,28.0,4.0,6684.52
11468,2023-05-05 00:00:00,Sports,Product_891,North,Agent_07,42,301.72,20.6,PayPal,41.0,1.9,10061.76
11469,2023-05-05 08:00:00,Electronics,Product_412,South,Agent_13,41,89.78,23.8,Bank Transfer,52.0,,2804.91
11470,2023-05-05 16:00:00,Electronics,Product_711,West,Agent_07,43,372.11,9.2,Debit Card,40.0,,14528.66
11471,2023-05-06 00:00:00,Sports,Product_937,North,Agent_15,16,154.81,1.1,PayPal,49.0,2.6,2449.71
11472,2023-05-06 08:00:00,Toys,Product_908,East,Agent_13,10,332.87,28.0,Debit Card,40.0,4.1,2396.66
11473,2023-05-06 16:00:00,Food,Product_281,,Agent_09,49,83.35,10.4,Cash,51.0,2.8,3659.4
11474,2023-05-07 00:00:00,Home,Product_785,Central,Agent_06,32,345.62,3.2,PayPal,58.0,2.4,10705.93
11475,2023-05-07 08:00:00,Clothing,Product_927,South,Agent_14,2,68.45,14.8,Debit Card,36.0,,116.64
11476,2023-05-07 16:00:00,Books,Product_463,East,Agent_08,24,215.55,23.1,Cash,19.0,4.0,3978.19
11477,2023-05-08 00:00:00,Clothing,Product_287,South,Agent_11,23,127.37,6.6,Bank Transfer,,4.6,2736.16
11478,2023-05-08 08:00:00,Sports,Product_668,East,Agent_06,2,375.45,8.1,PayPal,19.0,1.2,690.08
11479,2023-05-08 16:00:00,Electronics,Product_642,Central,Agent_02,38,134.71,7.3,Bank Transfer,32.0,3.1,4745.29
11480,2023-05-09 00:00:00,Toys,Product_695,West,Agent_01,31,441.45,29.8,Cash,73.0,1.1,9606.83
11481,2023-05-09 08:00:00,Electronics,Product_763,Central,Agent_05,40,446.45,5.9,Bank Transfer,38.0,2.9,16804.38
11482,2023-05-09 16:00:00,Books,Product_647,North,Agent_14,26,102.24,17.3,Bank Transfer,52.0,4.5,2198.36
11483,2023-05-10 00:00:00,Electronics,Product_824,East,Agent_09,29,308.85,27.8,Credit Card,,2.4,6466.7
11484,2023-05-10 08:00:00,Electronics,Product_507,,Agent_08,3,48.42,4.4,Cash,60.0,4.7,138.87
11485,2023-05-10 16:00:00,Books,Product_975,North,Agent_14,14,198.81,29.1,Bank Transfer,44.0,3.5,1973.39
11486,2023-05-11 00:00:00,Home,Product_717,South,Agent_13,25,358.09,28.4,Debit Card,41.0,4.7,6409.81
11487,2023-05-11 08:00:00,Home,Product_513,East,Agent_04,48,331.41,26.5,Cash,24.0,4.0,11692.14
11488,2023-05-11 16:00:00,Books,Product_441,North,Agent_05,1,314.23,6.4,Credit Card,23.0,1.4,294.12
11489,2023-05-12 00:00:00,Toys,Product_319,West,Agent_13,3,144.86,19.0,PayPal,63.0,1.9,352.01
11490,2023-05-12 08:00:00,Sports,Product_262,North,Agent_05,26,192.12,22.8,Bank Transfer,50.0,2.6,3856.23
11491,2023-05-12 16:00:00,Electronics,Product_319,West,Agent_06,18,55.96,29.6,Debit Card,66.0,1.7,709.13
11492,2023-05-13 00:00:00,Toys,Product_369,South,Agent_03,9,360.92,5.4,Credit Card,34.0,3.0,3072.87
11493,2023-05-13 08:00:00,Electronics,Product_731,North,Agent_05,38,254.42,23.0,Cash,63.0,2.9,7444.33
11494,2023-05-13 16:00:00,Sports,Product_947,Central,Agent_02,23,355.84,10.2,Bank Transfer,59.0,4.8,7349.52
11495,2023-05-14 00:00:00,Home,Product_499,South,Agent_10,21,128.23,,Credit Card,47.0,2.7,2550.11
11496,2023-05-14 08:00:00,Toys,Product_281,West,Agent_01,1,165.6,12.6,Credit Card,25.0,4.1,144.73
11497,2023-05-14 16:00:00,Food,Product_717,South,Agent_11,21,170.44,23.8,Debit Card,57.0,4.8,2727.38
11498,2023-05-15 00:00:00,Food,Product_828,North,Agent_01,27,17.74,13.9,PayPal,63.0,4.5,412.4
11499,2023-05-15 08:00:00,Food,Product_304,East,Agent_10,42,173.82,16.1,PayPal,24.0,1.8,6125.07
11500,2023-05-15 16:00:00,Home,Product_681,East,Agent_07,6,402.64,29.9,PayPal,23.0,3.0,1693.5
11501,2023-05-16 00:00:00,Home,Product_655,West,Agent_02,44,449.16,12.0,Cash,21.0,2.4,17391.48
11502,2023-05-16 08:00:00,Sports,Product_940,West,Agent_04,36,261.52,18.5,Credit Card,18.0,2.6,7673.0
11503,2023-05-16 16:00:00,Electronics,Product_912,East,Agent_05,28,230.47,11.0,Cash,32.0,2.4,5743.31
11504,2023-05-17 00:00:00,Sports,Product_327,,Agent_07,45,20.26,11.8,Credit Card,,4.3,804.12
11505,2023-05-17 08:00:00,Sports,Product_795,South,Agent_02,17,440.21,20.9,Debit Card,42.0,2.8,5919.5
11506,2023-05-17 16:00:00,Home,Product_718,Central,Agent_14,40,11.44,28.1,Debit Card,64.0,3.1,329.01
11507,2023-05-18 00:00:00,Food,Product_695,,Agent_06,3,472.65,16.3,Cash,50.0,,1186.82
11508,2023-05-18 08:00:00,Clothing,Product_949,South,Agent_01,12,247.16,23.1,Cash,69.0,1.2,2280.79
11509,2023-05-18 16:00:00,Electronics,Product_349,Central,Agent_07,39,174.26,2.7,Debit Card,52.0,,6612.64
11510,2023-05-19 00:00:00,Home,Product_974,North,Agent_09,12,462.49,6.3,Bank Transfer,72.0,4.1,5200.24
11511,2023-05-19 08:00:00,Food,Product_540,South,Agent_05,2,17.07,15.1,PayPal,22.0,1.6,28.98
11512,2023-05-19 16:00:00,Toys,Product_632,West,Agent_05,46,292.81,0.6,PayPal,22.0,3.4,13388.44
11513,2023-05-20 00:00:00,Clothing,Product_295,South,Agent_04,22,276.72,7.6,Debit Card,53.0,,5625.16
11514,2023-05-20 08:00:00,Clothing,Product_789,East,Agent_03,23,113.56,15.5,PayPal,34.0,4.5,2207.04
11515,2023-05-20 16:00:00,Home,Product_618,West,Agent_09,30,217.3,0.4,Bank Transfer,70.0,2.3,6492.92
11516,2023-05-21 00:00:00,Books,Product_169,East,Agent_05,5,327.87,7.9,Bank Transfer,69.0,2.3,1509.84
11517,2023-05-21 08:00:00,Electronics,Product_738,West,Agent_08,9,364.93,15.4,Credit Card,31.0,,2778.58
11518,2023-05-21 16:00:00,Clothing,Product_498,Central,Agent_09,21,5.35,17.2,Cash,46.0,,93.03
11519,2023-05-22 00:00:00,Home,Product_771,South,Agent_05,11,468.74,27.8,PayPal,25.0,2.1,3722.73
11520,2023-05-22 08:00:00,Home,Product_859,North,Agent_10,5,86.44,19.4,Bank Transfer,51.0,2.7,348.35
11521,2023-05-22 16:00:00,Food,Product_302,West,Agent_09,35,120.62,,Cash,57.0,2.4,3698.21
11522,2023-05-23 00:00:00,Toys,Product_247,West,Agent_02,27,135.42,27.9,Cash,,3.1,2636.22
11523,2023-05-23 08:00:00,Books,Product_571,East,Agent_09,49,23.72,23.5,Credit Card,46.0,3.4,889.14
11524,2023-05-23 16:00:00,Electronics,Product_754,,Agent_11,2,65.91,6.0,Cash,53.0,3.3,123.91
11525,2023-05-24 00:00:00,Sports,Product_298,East,Agent_04,24,493.24,3.9,Cash,68.0,,11376.09
11526,2023-05-24 08:00:00,Toys,Product_525,East,Agent_06,31,161.03,20.3,Debit Card,54.0,2.2,3978.57
11527,2023-05-24 16:00:00,Toys,Product_765,Central,Agent_06,33,62.07,16.8,Credit Card,46.0,1.5,1704.19
11528,2023-05-25 00:00:00,Food,Product_591,North,Agent_06,39,57.96,23.7,Credit Card,22.0,4.0,1724.72
11529,2023-05-25 08:00:00,Clothing,Product_987,East,Agent_02,30,361.13,22.2,PayPal,70.0,,8428.77
11530,2023-05-25 16:00:00,Clothing,Product_995,East,Agent_07,46,428.01,18.8,Cash,49.0,2.0,15987.03
11531,2023-05-26 00:00:00,Food,Product_241,West,Agent_13,37,132.19,,PayPal,69.0,2.6,3443.29
11532,2023-05-26 08:00:00,Home,Product_412,Central,Agent_06,28,15.35,16.0,Bank Transfer,41.0,3.0,361.03
11533,2023-05-26 16:00:00,Clothing,Product_264,,Agent_11,31,115.43,3.4,Cash,,3.1,3456.67
11534,2023-05-27 00:00:00,Books,Product_413,North,Agent_14,11,32.98,24.8,Bank Transfer,29.0,,272.81
11535,2023-05-27 08:00:00,Electronics,Product_120,North,Agent_01,23,56.18,,Debit Card,69.0,1.2,1193.94
11536,2023-05-27 16:00:00,Toys,Product_181,Central,Agent_02,2,218.6,23.3,Cash,,3.9,335.33
11537,2023-05-28 00:00:00,Toys,Product_680,West,Agent_07,40,118.81,28.7,PayPal,24.0,1.2,3388.46
11538,2023-05-28 08:00:00,Books,Product_230,West,Agent_01,41,260.39,20.9,PayPal,34.0,,8444.71
11539,2023-05-28 16:00:00,Clothing,Product_698,Central,Agent_15,27,130.48,17.9,Cash,51.0,4.3,2892.35
11540,2023-05-29 00:00:00,Toys,Product_829,,Agent_01,35,470.57,,PayPal,60.0,2.8,14197.1
11541,2023-05-29 08:00:00,Sports,Product_404,North,Agent_01,2,453.44,10.9,Cash,24.0,1.6,808.03
11542,2023-05-29 16:00:00,Electronics,Product_470,North,Agent_08,39,285.57,10.6,Credit Card,34.0,4.9,9956.68
11543,2023-05-30 00:00:00,Electronics,Product_956,South,Agent_04,37,180.44,19.1,PayPal,20.0,4.6,5401.11
11544,2023-05-30 08:00:00,Toys,Product_952,Central,Agent_04,21,193.67,22.5,Cash,46.0,4.1,3151.98
11545,2023-05-30 16:00:00,Food,Product_483,East,Agent_13,5,208.87,20.4,Cash,39.0,2.6,831.3
11546,2023-05-31 00:00:00,Toys,Product_544,East,Agent_02,45,365.15,6.0,PayPal,55.0,1.7,15445.84
11547,2023-05-31 08:00:00,Food,Product_524,South,Agent_11,21,228.56,14.8,Credit Card,71.0,4.8,4089.4
11548,2023-05-31 16:00:00,Toys,Product_260,South,Agent_11,29,429.08,23.7,PayPal,60.0,3.1,9494.25
11549,2023-06-01 00:00:00,Sports,Product_277,West,Agent_11,20,472.33,14.3,Cash,46.0,4.4,8095.74
11550,2023-06-01 08:00:00,Home,Product_728,South,Agent_01,38,171.29,16.1,Credit Card,,2.4,5461.07
11551,2023-06-01 16:00:00,Electronics,Product_807,South,Agent_12,20,282.54,,Bank Transfer,67.0,2.3,4345.47
11552,2023-06-02 00:00:00,Toys,Product_994,East,Agent_10,25,52.05,19.8,Debit Card,71.0,4.9,1043.6
11553,2023-06-02 08:00:00,Sports,Product_589,West,Agent_09,2,104.23,,PayPal,59.0,3.1,182.82
11554,2023-06-02 16:00:00,Food,Product_426,South,Agent_07,32,209.67,26.9,Cash,22.0,1.6,4904.6
11555,2023-06-03 00:00:00,Food,Product_697,South,Agent_04,26,107.07,4.9,Credit Card,47.0,1.9,2647.41
11556,2023-06-03 08:00:00,Electronics,Product_388,West,Agent_12,6,438.9,29.9,Credit Card,40.0,2.9,1846.01
11557,2023-06-03 16:00:00,Books,Product_692,Central,Agent_06,41,83.35,3.6,Bank Transfer,72.0,1.2,3294.33
11558,2023-06-04 00:00:00,Toys,Product_763,West,Agent_14,3,230.55,0.4,PayPal,38.0,2.9,688.88
11559,2023-06-04 08:00:00,Clothing,Product_672,East,Agent_02,33,304.82,26.7,Credit Card,73.0,2.7,7373.29
11560,2023-06-04 16:00:00,Food,Product_672,Central,Agent_07,1,347.47,7.3,Bank Transfer,43.0,4.1,322.1
11561,2023-06-05 00:00:00,Home,Product_453,North,Agent_02,5,194.62,21.9,Cash,71.0,2.4,759.99
11562,2023-06-05 08:00:00,Home,Product_127,West,Agent_10,13,435.2,24.3,Bank Transfer,64.0,4.9,4282.8
11563,2023-06-05 16:00:00,Food,Product_142,East,Agent_08,19,286.32,25.8,PayPal,38.0,1.7,4036.54
11564,2023-06-06 00:00:00,Books,Product_780,Central,Agent_08,12,222.56,29.7,Bank Transfer,37.0,,1877.52
11565,2023-06-06 08:00:00,Books,Product_522,West,Agent_01,48,38.28,8.8,Credit Card,40.0,1.4,1675.75
11566,2023-06-06 16:00:00,Sports,Product_697,South,Agent_13,25,235.02,21.3,Credit Card,21.0,3.9,4624.02
11567,2023-06-07 00:00:00,Home,Product_276,West,Agent_08,35,411.26,3.5,Debit Card,38.0,5.0,13890.31
11568,2023-06-07 08:00:00,Sports,Product_628,North,Agent_02,12,309.2,12.2,Bank Transfer,38.0,4.3,3257.73
11569,2023-06-07 16:00:00,Home,Product_709,West,Agent_06,30,416.92,25.4,Cash,18.0,3.2,9330.67
11570,2023-06-08 00:00:00,Toys,Product_593,Central,Agent_13,5,249.54,11.0,PayPal,32.0,2.9,1110.45
11571,2023-06-08 08:00:00,Toys,Product_297,Central,Agent_01,34,63.64,17.7,Debit Card,34.0,4.3,1780.77
11572,2023-06-08 16:00:00,Clothing,Product_709,West,Agent_05,22,11.75,15.1,Bank Transfer,68.0,4.7,219.47
11573,2023-06-09 00:00:00,Toys,Product_676,Central,Agent_11,39,155.09,19.4,Cash,31.0,5.0,4875.1
11574,2023-06-09 08:00:00,Clothing,Product_941,South,Agent_07,13,350.51,29.2,Debit Card,36.0,2.6,3226.09
11575,2023-06-09 16:00:00,Toys,Product_952,West,Agent_13,47,396.18,1.7,Credit Card,67.0,5.0,18303.91
11576,2023-06-10 00:00:00,Electronics,Product_616,South,Agent_10,3,151.4,17.2,PayPal,51.0,1.6,376.08
11577,2023-06-10 08:00:00,Toys,Product_613,South,Agent_01,20,250.35,25.9,Bank Transfer,23.0,2.0,3710.19
11578,2023-06-10 16:00:00,Sports,Product_121,East,Agent_15,31,213.45,14.4,Cash,62.0,1.4,5664.11
11579,2023-06-11 00:00:00,Food,Product_211,West,Agent_02,5,208.21,2.4,Credit Card,66.0,2.1,1016.06
11580,2023-06-11 08:00:00,Sports,Product_156,Central,Agent_07,24,119.52,16.8,Debit Card,23.0,4.1,2386.58
11581,2023-06-11 16:00:00,Food,Product_165,South,Agent_06,40,72.5,10.0,PayPal,70.0,4.4,2610.0
11582,2023-06-12 00:00:00,Books,Product_941,East,Agent_03,33,102.36,4.6,Debit Card,71.0,4.1,3222.5
11583,2023-06-12 08:00:00,Sports,Product_197,West,Agent_14,8,32.39,25.5,Debit Card,22.0,3.5,193.04
11584,2023-06-12 16:00:00,Books,Product_243,West,Agent_10,24,103.07,15.6,Cash,,3.1,2087.79
11585,2023-06-13 00:00:00,Clothing,Product_979,North,Agent_02,20,9.55,28.0,Credit Card,50.0,3.8,137.52
11586,2023-06-13 08:00:00,Clothing,Product_534,North,Agent_10,16,315.49,24.2,Bank Transfer,30.0,2.6,3826.26
11587,2023-06-13 16:00:00,Electronics,Product_736,South,Agent_04,12,161.61,20.8,Cash,68.0,4.4,1535.94
11588,2023-06-14 00:00:00,Toys,Product_778,North,Agent_03,13,486.71,0.2,PayPal,71.0,3.7,6314.58
11589,2023-06-14 08:00:00,Sports,Product_185,South,Agent_07,45,100.89,12.8,Debit Card,18.0,3.8,3958.92
11590,2023-06-14 16:00:00,Books,Product_687,Central,Agent_08,42,176.19,5.9,PayPal,30.0,,6963.38
11591,2023-06-15 00:00:00,Food,Product_443,South,Agent_02,39,182.13,27.3,Cash,60.0,4.5,5163.93
11592,2023-06-15 08:00:00,Clothing,Product_393,North,Agent_10,25,9.18,5.2,Cash,44.0,2.0,217.57
11593,2023-06-15 16:00:00,Toys,Product_670,Central,Agent_07,46,420.41,8.6,Bank Transfer,24.0,2.5,17675.72
11594,2023-06-16 00:00:00,Clothing,Product_749,North,Agent_08,32,20.84,15.5,Debit Card,69.0,4.1,563.51
11595,2023-06-16 08:00:00,Food,Product_710,South,Agent_06,24,470.39,7.9,Cash,20.0,3.0,10397.5
11596,2023-06-16 16:00:00,Toys,Product_803,East,Agent_06,48,446.58,6.3,PayPal,42.0,4.6,20085.38
11597,2023-06-17 00:00:00,Toys,Product_342,West,Agent_10,47,270.08,18.0,Bank Transfer,50.0,2.4,10408.88
11598,2023-06-17 08:00:00,Books,Product_930,North,Agent_01,44,274.08,2.7,PayPal,57.0,,11733.91
11599,2023-06-17 16:00:00,Books,Product_660,South,Agent_04,9,328.62,1.7,Debit Card,34.0,4.6,2907.3
11600,2023-06-18 00:00:00,Sports,Product_131,Central,Agent_14,40,196.59,11.2,Bank Transfer,62.0,2.9,6982.88
11601,2023-06-18 08:00:00,Sports,Product_490,,Agent_01,23,325.38,21.6,Bank Transfer,31.0,,5867.25
11602,2023-06-18 16:00:00,Home,Product_376,North,Agent_04,13,27.16,16.6,Bank Transfer,54.0,2.3,294.47
11603,2023-06-19 00:00:00,Home,Product_631,West,Agent_02,32,31.75,12.7,Credit Card,73.0,2.1,886.97
11604,2023-06-19 08:00:00,Electronics,Product_253,South,Agent_11,15,231.33,17.0,Bank Transfer,71.0,3.6,2880.06
11605,2023-06-19 16:00:00,Clothing,Product_482,East,Agent_13,36,277.06,11.0,PayPal,40.0,1.5,8877.0
11606,2023-06-20 00:00:00,Sports,Product_167,Central,Agent_05,49,444.47,28.1,PayPal,41.0,4.5,15659.12
11607,2023-06-20 08:00:00,Books,Product_977,South,Agent_10,5,56.81,1.6,Debit Card,46.0,4.1,279.51
11608,2023-06-20 16:00:00,Food,Product_983,Central,Agent_14,22,412.21,20.2,Cash,55.0,1.8,7236.76
11609,2023-06-21 00:00:00,Books,Product_313,North,Agent_09,16,108.97,26.7,Cash,71.0,3.8,1278.0
11610,2023-06-21 08:00:00,Clothing,Product_754,West,Agent_11,41,200.07,24.1,Credit Card,44.0,3.4,6225.98
11611,2023-06-21 16:00:00,Home,Product_475,West,Agent_15,10,161.72,,Bank Transfer,55.0,1.7,1528.25
11612,2023-06-22 00:00:00,Books,Product_843,East,Agent_12,24,203.08,8.9,Credit Card,70.0,2.1,4440.14
11613,2023-06-22 08:00:00,Electronics,Product_312,West,Agent_10,18,79.5,21.5,Debit Card,57.0,,1123.34
11614,2023-06-22 16:00:00,Clothing,Product_178,North,Agent_03,49,254.27,2.5,Debit Card,62.0,3.8,12147.75
11615,2023-06-23 00:00:00,Home,Product_825,East,Agent_08,18,401.81,24.4,Cash,67.0,,5467.83
11616,2023-06-23 08:00:00,Food,Product_727,South,Agent_03,7,223.56,21.6,Debit Card,40.0,3.1,1226.9
11617,2023-06-23 16:00:00,Home,Product_703,West,Agent_06,4,247.85,21.9,Bank Transfer,48.0,4.1,774.28
11618,2023-06-24 00:00:00,Toys,Product_881,East,Agent_04,26,425.14,3.0,PayPal,53.0,4.0,10722.03
11619,2023-06-24 08:00:00,Electronics,Product_480,North,Agent_08,5,354.5,21.5,Debit Card,34.0,3.5,1391.41
11620,2023-06-24 16:00:00,Clothing,Product_779,Central,Agent_11,16,247.77,20.4,Credit Card,54.0,4.1,3155.6
11621,2023-06-25 00:00:00,Food,Product_157,Central,Agent_06,35,132.56,24.9,Bank Transfer,20.0,2.3,3484.34
11622,2023-06-25 08:00:00,Electronics,Product_895,North,Agent_08,26,443.04,1.2,Debit Card,53.0,4.5,11380.81
11623,2023-06-25 16:00:00,Home,Product_125,,Agent_01,18,290.63,0.7,Debit Card,72.0,3.5,5194.72
11624,2023-06-26 00:00:00,Electronics,Product_980,Central,Agent_06,29,114.47,11.2,Bank Transfer,22.0,4.3,2947.83
11625,2023-06-26 08:00:00,Clothing,Product_546,East,Agent_01,23,138.21,4.5,Debit Card,63.0,,3035.78
11626,2023-06-26 16:00:00,Sports,Product_165,Central,Agent_01,14,402.55,16.8,PayPal,32.0,1.9,4688.9
11627,2023-06-27 00:00:00,Electronics,Product_859,North,Agent_08,15,26.85,27.5,Cash,,3.2,291.99
11628,2023-06-27 08:00:00,Toys,Product_353,West,Agent_15,49,496.09,11.7,Bank Transfer,66.0,2.5,21464.33
11629,2023-06-27 16:00:00,Electronics,Product_998,South,Agent_07,33,69.52,,Credit Card,23.0,3.8,1713.74
11630,2023-06-28 00:00:00,Home,Product_143,West,Agent_03,25,399.05,0.0,Debit Card,27.0,2.9,9976.25
11631,2023-06-28 08:00:00,Home,Product_196,West,Agent_06,21,200.41,5.1,Cash,71.0,4.3,3993.97
11632,2023-06-28 16:00:00,Food,Product_653,North,Agent_15,17,248.65,,Credit Card,,,4189.01
11633,2023-06-29 00:00:00,Home,Product_326,Central,Agent_09,23,440.92,9.8,Credit Card,40.0,3.7,9147.33
11634,2023-06-29 08:00:00,Books,Product_873,East,Agent_07,43,209.39,27.2,PayPal,65.0,1.9,6554.74
11635,2023-06-29 16:00:00,Clothing,Product_778,West,Agent_12,17,271.06,2.9,Cash,34.0,4.9,4474.39
11636,2023-06-30 00:00:00,Clothing,Product_535,Central,Agent_03,14,29.4,18.2,Bank Transfer,63.0,4.4,336.69
11637,2023-06-30 08:00:00,Sports,Product_890,East,Agent_14,29,6.16,13.5,Cash,37.0,4.2,154.52
11638,2023-06-30 16:00:00,Sports,Product_700,West,Agent_14,20,126.18,28.2,Cash,61.0,2.3,1811.94
11639,2023-07-01 00:00:00,Clothing,Product_478,,Agent_13,30,341.89,3.7,Credit Card,58.0,3.1,9877.2
11640,2023-07-01 08:00:00,Toys,Product_277,Central,Agent_06,19,65.03,6.4,PayPal,32.0,1.5,1156.49
11641,2023-07-01 16:00:00,Sports,Product_526,South,Agent_11,39,61.31,0.9,PayPal,61.0,3.2,2369.57
11642,2023-07-02 00:00:00,Food,Product_808,Central,Agent_04,13,208.43,13.0,Cash,63.0,1.6,2357.34
11643,2023-07-02 08:00:00,Home,Product_406,North,Agent_14,18,325.68,8.3,Cash,39.0,3.2,5375.67
11644,2023-07-02 16:00:00,Clothing,Product_878,East,Agent_13,23,357.48,26.1,Debit Card,67.0,3.6,6076.09
11645,2023-07-03 00:00:00,Sports,Product_603,South,Agent_03,46,93.33,18.1,Credit Card,69.0,2.6,3516.11
11646,2023-07-03 08:00:00,Clothing,Product_367,East,Agent_09,33,44.4,18.4,Bank Transfer,23.0,3.0,1195.6
11647,2023-07-03 16:00:00,Books,Product_685,East,Agent_10,39,470.5,,Bank Transfer,21.0,4.5,15413.58
11648,2023-07-04 00:00:00,Electronics,Product_107,West,Agent_02,40,134.03,2.8,PayPal,40.0,1.4,5211.09
11649,2023-07-04 08:00:00,HOME,Product_607,North,Agent_01,18,427.41,13.4,Credit Card,61.0,4.2,6662.47
11650,2023-07-04 16:00:00,Clothing,Product_575,East,Agent_15,9,432.43,30.0,PayPal,62.0,1.7,2724.31
11651,2023-07-05 00:00:00,Electronics,Product_396,Central,Agent_14,33,387.4,25.1,Bank Transfer,36.0,1.1,9575.37
11652,2023-07-05 08:00:00,Sports,Product_263,Central,Agent_02,32,88.57,26.8,Cash,71.0,1.7,2074.66
11653,2023-07-05 16:00:00,Electronics,Product_584,West,Agent_07,17,411.79,24.7,Credit Card,62.0,4.1,5271.32
11654,2023-07-06 00:00:00,Home,Product_696,North,Agent_10,19,385.78,3.1,Credit Card,48.0,,7102.6
11655,2023-07-06 08:00:00,Clothing,Product_171,North,Agent_01,27,300.38,6.8,Debit Card,61.0,4.5,7558.76
11656,2023-07-06 16:00:00,Books,Product_666,Central,Agent_06,6,171.92,0.1,Cash,69.0,3.1,1030.49
11657,2023-07-07 00:00:00,Toys,Product_658,South,Agent_14,35,134.94,9.1,Cash,20.0,1.1,4293.12
11658,2023-07-07 08:00:00,Sports,Product_337,West,Agent_07,37,65.34,3.3,PayPal,,3.9,2337.8
11659,2023-07-07 16:00:00,Clothing,Product_203,,Agent_09,34,257.33,14.2,Credit Card,20.0,1.4,7506.83
11660,2023-07-08 00:00:00,Home,Product_309,Central,Agent_15,20,294.7,20.3,PayPal,31.0,4.2,4697.52
11661,2023-07-08 08:00:00,Sports,Product_653,Central,Agent_14,25,182.87,26.2,Cash,35.0,1.7,3373.95
11662,2023-07-08 16:00:00,Food,Product_927,South,Agent_08,4,240.3,22.5,Debit Card,44.0,,744.93
11663,2023-07-09 00:00:00,Electronics,Product_567,South,Agent_06,10,184.94,28.2,Credit Card,68.0,4.0,1327.87
11664,2023-07-09 08:00:00,Toys,Product_553,North,Agent_03,10,322.3,1.6,Cash,27.0,4.8,3171.43
11665,2023-07-09 16:00:00,Home,Product_367,West,Agent_08,24,451.12,0.4,Debit Card,66.0,2.5,10783.57
11666,2023-07-10 00:00:00,Food,Product_485,West,Agent_07,21,86.14,19.8,Bank Transfer,32.0,4.3,1450.77
11667,2023-07-10 08:00:00,CLOTHING,Product_874,Central,Agent_03,11,193.8,8.7,Cash,,1.8,1946.33
11668,2023-07-10 16:00:00,Books,Product_947,North,Agent_09,27,74.73,,Bank Transfer,26.0,4.2,1864.36
11669,2023-07-11 00:00:00,Sports,Product_486,West,Agent_12,16,314.35,9.9,PayPal,21.0,3.6,4531.67
11670,2023-07-11 08:00:00,Electronics,Product_976,North,Agent_02,26,365.79,8.1,Bank Transfer,32.0,1.8,8740.19
11671,2023-07-11 16:00:00,Sports,Product_358,North,Agent_03,30,466.3,15.3,Cash,68.0,2.2,11848.68
11672,2023-07-12 00:00:00,Toys,Product_382,Central,Agent_02,49,143.04,13.2,Bank Transfer,65.0,1.5,6083.78
11673,2023-07-12 08:00:00,Clothing,Product_725,North,Agent_13,16,475.35,15.4,Credit Card,25.0,2.5,6434.34
11674,2023-07-12 16:00:00,Sports,Product_974,South,Agent_01,7,36.32,20.2,Cash,66.0,1.8,202.88
11675,2023-07-13 00:00:00,Electronics,Product_139,South,Agent_04,16,303.49,11.6,Debit Card,70.0,3.6,4292.56
11676,2023-07-13 08:00:00,Clothing,Product_585,East,Agent_05,35,33.28,7.5,Bank Transfer,18.0,5.0,1077.44
11677,2023-07-13 16:00:00,Sports,Product_319,Central,Agent_13,16,447.42,5.0,Credit Card,24.0,1.0,6800.78
11678,2023-07-14 00:00:00,Books,Product_228,East,Agent_06,40,267.26,10.5,PayPal,70.0,3.2,9567.91
11679,2023-07-14 08:00:00,Home,Product_619,South,Agent_05,12,336.33,22.3,PayPal,48.0,3.3,3135.94
11680,2023-07-14 16:00:00,Clothing,Product_712,East,Agent_01,35,416.63,22.7,Bank Transfer,35.0,4.7,11271.92
11681,2023-07-15 00:00:00,Home,Product_991,Central,Agent_03,49,79.4,,PayPal,29.0,3.0,3112.48
11682,2023-07-15 08:00:00,Clothing,Product_787,Central,Agent_01,21,24.1,7.0,Debit Card,65.0,3.2,470.67
11683,2023-07-15 16:00:00,Books,Product_718,North,Agent_11,43,440.05,17.6,Cash,47.0,,15591.85
11684,2023-07-16 00:00:00,Home,Product_712,West,Agent_05,36,160.89,17.1,Credit Card,50.0,2.1,4801.6
11685,2023-07-16 08:00:00,Food,Product_359,North,Agent_05,48,68.84,14.5,Bank Transfer,64.0,,2825.19
11686,2023-07-16 16:00:00,Electronics,Product_465,Central,Agent_12,17,236.89,16.5,PayPal,24.0,2.6,3362.65
11687,2023-07-17 00:00:00,Food,Product_857,South,Agent_11,32,301.16,,Cash,,1.2,8210.83
11688,2023-07-17 08:00:00,Sports,Product_886,South,Agent_13,41,20.33,17.0,Debit Card,66.0,3.2,691.83
11689,2023-07-17 16:00:00,Books,Product_643,North,Agent_06,6,141.07,21.5,PayPal,20.0,2.2,664.44
11690,2023-07-18 00:00:00,Food,Product_748,Central,Agent_08,24,21.24,3.3,PayPal,60.0,3.1,492.94
11691,2023-07-18 08:00:00,Clothing,Product_623,South,Agent_10,27,213.07,22.5,Credit Card,23.0,1.5,4458.49
11692,2023-07-18 16:00:00,Sports,Product_913,Central,Agent_12,20,448.07,4.1,Debit Card,48.0,4.7,8593.98
11693,2023-07-19 00:00:00,Sports,Product_986,South,Agent_01,25,491.41,2.0,Debit Card,55.0,4.6,12039.54
11694,2023-07-19 08:00:00,FOOD,Product_115,,Agent_04,2,320.34,29.3,Bank Transfer,32.0,1.8,452.96
11695,2023-07-19 16:00:00,Food,Product_228,East,Agent_10,9,85.01,28.7,Credit Card,24.0,2.4,545.51
11696,2023-07-20 00:00:00,Books,Product_674,Central,Agent_11,28,453.4,1.8,Bank Transfer,60.0,3.5,12466.69
11697,2023-07-20 08:00:00,Electronics,Product_208,Central,Agent_01,38,260.54,13.3,Credit Card,47.0,1.4,8583.75
11698,2023-07-20 16:00:00,Food,Product_986,North,Agent_09,3,81.11,5.6,Debit Card,44.0,2.4,229.7
11699,2023-07-21 00:00:00,Toys,Product_632,East,Agent_11,20,461.25,14.6,Credit Card,34.0,,7878.15
11700,2023-07-21 08:00:00,Food,Product_769,West,Agent_07,6,379.95,24.9,Credit Card,72.0,4.7,1712.05
11701,2023-07-21 16:00:00,Home,Product_368,North,Agent_07,39,367.19,28.5,Credit Card,35.0,4.4,10239.09
11702,2023-07-22 00:00:00,Clothing,Product_261,West,Agent_12,33,356.04,,Cash,39.0,3.3,9516.95
11703,2023-07-22 08:00:00,Toys,Product_359,South,Agent_05,1,104.17,10.6,Cash,73.0,3.1,93.13
11704,2023-07-22 16:00:00,Toys,Product_201,West,Agent_07,37,109.45,18.1,Debit Card,70.0,4.7,3316.66
11705,2023-07-23 00:00:00,Home,Product_605,Central,Agent_12,6,345.71,9.4,Credit Card,43.0,4.7,1879.28
11706,2023-07-23 08:00:00,Home,Product_834,West,Agent_15,45,113.76,27.3,Debit Card,68.0,4.9,3721.66
11707,2023-07-23 16:00:00,Sports,Product_670,North,Agent_02,34,222.14,26.1,Cash,44.0,1.5,5581.49
11708,2023-07-24 00:00:00,Electronics,Product_346,North,Agent_14,47,392.09,16.7,Credit Card,57.0,1.6,15350.72
11709,2023-07-24 08:00:00,Clothing,Product_739,West,Agent_13,15,393.06,9.7,Bank Transfer,41.0,3.7,5324.0
11710,2023-07-24 16:00:00,Books,Product_894,North,Agent_04,45,229.36,8.8,Cash,69.0,3.2,9412.93
11711,2023-07-25 00:00:00,Toys,Product_936,North,Agent_14,26,397.13,1.0,Cash,,1.1,10222.13
11712,2023-07-25 08:00:00,Books,Product_636,West,Agent_14,14,420.12,24.5,Cash,38.0,1.2,4440.67
11713,2023-07-25 16:00:00,Food,Product_230,East,Agent_07,7,329.11,13.5,Credit Card,46.0,4.6,1992.76
11714,2023-07-26 00:00:00,Food,Product_452,East,Agent_03,46,118.07,9.8,PayPal,60.0,4.5,4898.96
11715,2023-07-26 08:00:00,Books,Product_295,South,Agent_02,31,140.64,14.1,Bank Transfer,,,3745.1
11716,2023-07-26 16:00:00,Food,Product_892,North,Agent_10,24,160.85,24.6,Bank Transfer,20.0,4.6,2910.74
11717,2023-07-27 00:00:00,Electronics,Product_765,West,Agent_02,31,62.82,3.7,Debit Card,48.0,3.4,1875.37
11718,2023-07-27 08:00:00,Home,Product_481,North,Agent_13,29,140.21,25.7,Credit Card,72.0,4.2,3021.1
11719,2023-07-27 16:00:00,Food,Product_744,Central,Agent_01,42,108.71,26.9,Cash,44.0,2.7,3337.61
11720,2023-07-28 00:00:00,Sports,Product_326,,Agent_05,32,230.39,28.4,PayPal,63.0,1.5,5278.7
11721,2023-07-28 08:00:00,Food,Product_800,North,Agent_12,17,454.68,11.9,Credit Card,44.0,2.7,6809.74
11722,2023-07-28 16:00:00,Clothing,Product_575,East,Agent_06,14,56.72,6.5,Credit Card,,2.8,742.46
11723,2023-07-29 00:00:00,Electronics,Product_576,West,Agent_06,40,361.53,11.2,PayPal,74.0,3.2,12841.55
11724,2023-07-29 08:00:00,Clothing,Product_364,North,Agent_09,36,345.21,10.0,Cash,50.0,1.4,11184.8
11725,2023-07-29 16:00:00,Clothing,Product_471,East,Agent_04,48,52.4,5.3,Credit Card,50.0,5.0,2381.89
11726,2023-07-30 00:00:00,Sports,Product_585,South,Agent_01,24,461.67,18.2,Bank Transfer,43.0,,9063.51
11727,2023-07-30 08:00:00,Electronics,Product_533,East,Agent_06,45,286.39,14.3,Bank Transfer,45.0,1.8,11044.63
11728,2023-07-30 16:00:00,Electronics,Product_745,East,Agent_15,27,185.04,26.0,PayPal,61.0,3.1,3697.1
11729,2023-07-31 00:00:00,Electronics,Product_310,,Agent_05,25,379.49,1.0,Cash,60.0,,9392.38
11730,2023-07-31 08:00:00,Electronics,Product_671,North,Agent_10,32,132.4,19.3,PayPal,48.0,2.8,3419.1
11731,2023-07-31 16:00:00,Electronics,Product_476,North,Agent_06,18,348.29,22.9,Credit Card,70.0,4.1,4833.57
11732,2023-08-01 00:00:00,Sports,Product_494,South,Agent_03,46,24.66,22.8,Bank Transfer,18.0,3.1,875.73
11733,2023-08-01 08:00:00,Food,Product_549,Central,Agent_02,18,420.51,26.6,Debit Card,37.0,3.4,5555.78
11734,2023-08-01 16:00:00,Clothing,Product_463,Central,Agent_06,37,226.84,21.9,PayPal,29.0,3.9,6555.0
11735,2023-08-02 00:00:00,Electronics,Product_975,Central,Agent_13,26,320.16,,Debit Card,34.0,1.1,6010.04
11736,2023-08-02 08:00:00,Toys,Product_556,South,Agent_01,9,114.51,10.0,Debit Card,,3.3,927.53
11737,2023-08-02 16:00:00,Food,Product_824,Central,Agent_07,35,340.15,15.1,Bank Transfer,51.0,4.5,10107.56
11738,2023-08-03 00:00:00,Food,Product_827,Central,Agent_07,8,387.26,0.4,PayPal,67.0,1.1,3085.69
11739,2023-08-03 08:00:00,Clothing,Product_325,East,Agent_10,20,239.24,0.2,Debit Card,33.0,2.6,4775.23
11740,2023-08-03 16:00:00,Sports,Product_230,North,Agent_13,42,310.77,7.2,Credit Card,,4.7,12112.57
11741,2023-08-04 00:00:00,Books,Product_687,North,Agent_07,22,230.88,3.0,Cash,25.0,2.4,4926.98
11742,2023-08-04 08:00:00,Books,Product_575,East,Agent_15,19,447.58,7.8,Cash,51.0,2.8,7840.71
11743,2023-08-04 16:00:00,Food,Product_897,East,Agent_12,30,251.45,5.3,Bank Transfer,63.0,4.9,7143.69
11744,2023-08-05 00:00:00,Home,Product_376,East,Agent_11,28,421.7,0.9,PayPal,42.0,1.8,11701.33
11745,2023-08-05 08:00:00,Home,Product_255,North,Agent_10,35,401.67,27.3,PayPal,32.0,1.3,10220.49
11746,2023-08-05 16:00:00,Clothing,Product_859,,Agent_01,43,208.2,0.2,Cash,45.0,,8934.69
11747,2023-08-06 00:00:00,Books,Product_317,East,Agent_15,11,118.89,22.1,Credit Card,26.0,4.5,1018.77
11748,2023-08-06 08:00:00,Food,Product_289,South,Agent_04,31,206.01,4.6,Cash,19.0,2.9,6092.54
11749,2023-08-06 16:00:00,Sports,Product_516,East,Agent_13,49,413.98,27.4,Cash,34.0,3.1,14726.92
11750,2023-08-07 00:00:00,Books,Product_774,West,Agent_07,48,117.68,26.8,PayPal,27.0,4.3,4134.8
11751,2023-08-07 08:00:00,Food,Product_791,East,Agent_11,39,264.6,19.6,Debit Card,26.0,4.0,8296.8
11752,2023-08-07 16:00:00,Food,Product_645,North,Agent_09,36,404.02,20.2,Credit Card,48.0,2.1,11606.69
11753,2023-08-08 00:00:00,Electronics,Product_140,East,Agent_05,30,179.97,0.2,PayPal,19.0,1.1,5388.3
11754,2023-08-08 08:00:00,Sports,Product_406,West,Agent_13,23,322.89,29.5,Cash,,2.9,5235.66
11755,2023-08-08 16:00:00,Electronics,Product_437,South,Agent_02,19,126.59,26.3,Debit Card,36.0,4.4,1772.64
11756,2023-08-09 00:00:00,Clothing,Product_413,Central,Agent_07,12,59.09,26.9,Credit Card,34.0,4.6,518.34
11757,2023-08-09 08:00:00,Electronics,Product_174,East,Agent_10,15,398.22,19.8,Bank Transfer,60.0,4.8,4790.59
11758,2023-08-09 16:00:00,Toys,Product_378,West,Agent_01,31,53.99,10.3,Credit Card,66.0,4.5,1501.3
11759,2023-08-10 00:00:00,Electronics,Product_275,West,Agent_07,43,139.33,26.8,Credit Card,27.0,3.3,4385.55
11760,2023-08-10 08:00:00,Toys,Product_995,South,Agent_06,37,428.28,8.7,Cash,67.0,2.8,14467.73
11761,2023-08-10 16:00:00,Books,Product_761,North,Agent_07,37,176.5,16.9,Cash,72.0,4.1,5426.85
11762,2023-08-11 00:00:00,Home,Product_372,East,Agent_14,15,486.66,3.0,Bank Transfer,45.0,4.0,7080.9
11763,2023-08-11 08:00:00,Food,Product_936,West,Agent_13,29,489.97,27.7,Bank Transfer,55.0,3.2,10273.2
11764,2023-08-11 16:00:00,Toys,Product_719,South,Agent_10,43,137.8,4.2,Bank Transfer,65.0,1.3,5676.53
11765,2023-08-12 00:00:00,Sports,Product_750,Central,Agent_03,26,25.28,6.7,PayPal,45.0,4.7,613.24
11766,2023-08-12 08:00:00,Electronics,Product_961,West,Agent_15,44,354.01,16.7,PayPal,67.0,2.8,12975.17
11767,2023-08-12 16:00:00,Toys,Product_882,,Agent_03,2,228.24,22.9,Cash,69.0,2.5,351.95
11768,2023-08-13 00:00:00,Sports,Product_958,North,Agent_07,20,54.87,18.6,Cash,67.0,3.5,893.28
11769,2023-08-13 08:00:00,Home,Product_388,North,Agent_13,15,355.22,7.0,Bank Transfer,18.0,3.7,4955.32
11770,2023-08-13 16:00:00,Home,Product_823,West,Agent_02,4,20.43,0.0,PayPal,20.0,1.8,81.72
11771,2023-08-14 00:00:00,Electronics,Product_992,West,Agent_01,22,435.75,22.7,Debit Card,32.0,4.3,7410.36
11772,2023-08-14 08:00:00,Clothing,Product_371,East,Agent_09,38,73.63,29.6,PayPal,69.0,2.2,1969.75
11773,2023-08-14 16:00:00,Electronics,Product_165,South,Agent_09,23,68.02,24.3,Cash,27.0,1.7,1184.3
11774,2023-08-15 00:00:00,Books,Product_582,West,Agent_07,26,91.96,13.8,PayPal,38.0,2.6,2061.01
11775,2023-08-15 08:00:00,Toys,Product_347,East,Agent_07,11,480.33,27.1,Cash,54.0,3.9,3851.77
11776,2023-08-15 16:00:00,Food,Product_255,East,Agent_03,28,348.12,12.3,Bank Transfer,32.0,,8548.43
11777,2023-08-16 00:00:00,Clothing,Product_146,West,Agent_10,2,401.68,15.7,Bank Transfer,40.0,4.2,677.23
11778,2023-08-16 08:00:00,Electronics,Product_553,North,Agent_15,8,201.83,14.3,Bank Transfer,31.0,4.8,1383.75
11779,2023-08-16 16:00:00,Sports,Product_300,South,Agent_02,29,171.47,13.4,Debit Card,32.0,1.6,4306.3
11780,2023-08-17 00:00:00,Clothing,Product_759,South,Agent_11,11,121.07,23.3,Debit Card,27.0,1.3,1021.47
11781,2023-08-17 08:00:00,Toys,Product_223,North,Agent_07,37,242.92,15.8,Cash,73.0,3.2,7567.93
11782,2023-08-17 16:00:00,Clothing,Product_100,West,Agent_09,18,278.16,9.5,Credit Card,26.0,2.2,4531.23
11783,2023-08-18 00:00:00,Toys,Product_858,South,Agent_01,14,317.73,7.7,Debit Card,,4.3,4105.71
11784,2023-08-18 08:00:00,Electronics,Product_954,West,Agent_13,10,132.27,1.1,Cash,56.0,3.7,1308.15
11785,2023-08-18 16:00:00,Toys,Product_739,West,Agent_14,35,474.58,17.5,PayPal,22.0,4.9,13703.5
11786,2023-08-19 00:00:00,Clothing,Product_290,East,Agent_04,9,89.03,6.9,Bank Transfer,42.0,2.0,745.98
11787,2023-08-19 08:00:00,Sports,Product_678,North,Agent_06,35,483.0,4.4,Bank Transfer,73.0,2.9,16161.18
11788,2023-08-19 16:00:00,Home,Product_615,West,Agent_07,11,12.35,19.6,Bank Transfer,59.0,3.0,109.22
11789,2023-08-20 00:00:00,Clothing,Product_541,Central,Agent_10,44,243.16,20.4,Cash,74.0,2.0,8516.44
11790,2023-08-20 08:00:00,Toys,Product_914,North,Agent_07,12,170.02,22.6,Bank Transfer,43.0,3.4,1579.15
11791,2023-08-20 16:00:00,Home,Product_905,South,Agent_10,3,227.32,15.1,Debit Card,25.0,2.8,578.98
11792,2023-08-21 00:00:00,Toys,Product_242,East,Agent_02,39,287.48,26.8,PayPal,,2.8,8206.98
11793,2023-08-21 08:00:00,Sports,Product_290,South,Agent_14,14,220.62,28.1,Bank Transfer,69.0,2.5,2220.76
11794,2023-08-21 16:00:00,Toys,Product_632,South,Agent_04,28,210.35,24.2,Cash,,1.1,4464.47
11795,2023-08-22 00:00:00,Electronics,Product_326,North,Agent_05,11,367.7,19.1,PayPal,65.0,3.1,3272.16
11796,2023-08-22 08:00:00,Food,Product_412,South,Agent_14,39,344.51,9.1,Bank Transfer,29.0,2.3,12213.22
11797,2023-08-22 16:00:00,Clothing,Product_728,West,Agent_12,25,417.47,29.5,Credit Card,,,7357.91
11798,2023-08-23 00:00:00,Food,Product_401,South,Agent_01,21,128.73,8.2,Bank Transfer,27.0,2.2,2481.66
11799,2023-08-23 08:00:00,Toys,Product_753,East,Agent_01,10,306.72,6.1,Debit Card,65.0,2.1,2880.1
11800,2023-08-23 16:00:00,Sports,Product_559,East,Agent_10,43,294.67,13.3,PayPal,27.0,2.6,10985.59
11801,2023-08-24 00:00:00,Clothing,Product_500,Central,Agent_03,15,188.02,1.7,Debit Card,26.0,1.5,2772.35
11802,2023-08-24 08:00:00,Toys,Product_650,,Agent_15,19,245.6,,Credit Card,43.0,3.0,3294.48
11803,2023-08-24 16:00:00,Home,Product_492,South,Agent_15,48,160.32,17.7,Credit Card,52.0,3.8,6333.28
11804,2023-08-25 00:00:00,Books,Product_966,East,Agent_10,22,75.21,16.7,Debit Card,44.0,3.5,1378.3
11805,2023-08-25 08:00:00,Toys,Product_863,North,Agent_03,21,110.83,19.7,PayPal,48.0,4.2,1868.93
11806,2023-08-25 16:00:00,Food,Product_944,East,Agent_12,44,57.23,14.9,Credit Card,36.0,2.8,2142.92
11807,2023-08-26 00:00:00,Clothing,Product_306,West,Agent_08,32,343.12,1.0,Credit Card,60.0,3.1,10870.04
11808,2023-08-26 08:00:00,Food,Product_309,North,Agent_09,23,332.06,18.4,Bank Transfer,55.0,,6232.1
11809,2023-08-26 16:00:00,Clothing,Product_214,Central,Agent_15,13,475.55,21.5,Cash,23.0,2.7,4852.99
11810,2023-08-27 00:00:00,Toys,Product_836,West,Agent_14,5,366.19,12.5,Credit Card,32.0,3.8,1602.08
11811,2023-08-27 08:00:00,Electronics,Product_745,South,Agent_11,4,30.76,22.7,PayPal,46.0,2.7,95.11
11812,2023-08-27 16:00:00,Home,Product_350,South,Agent_12,28,442.7,6.8,PayPal,64.0,2.7,11552.7
11813,2023-08-28 00:00:00,Toys,Product_318,,Agent_01,14,432.02,6.6,Bank Transfer,,4.0,5649.09
11814,2023-08-28 08:00:00,Food,Product_506,West,Agent_14,8,224.44,4.8,PayPal,71.0,1.7,1709.34
11815,2023-08-28 16:00:00,Books,Product_542,West,Agent_11,9,295.0,11.2,Bank Transfer,,2.4,2357.64
11816,2023-08-29 00:00:00,Books,Product_702,West,Agent_02,35,488.16,,Credit Card,31.0,1.9,12745.86
11817,2023-08-29 08:00:00,Sports,Product_453,North,Agent_10,37,268.49,,Credit Card,70.0,2.4,7470.47
11818,2023-08-29 16:00:00,Clothing,Product_987,North,Agent_02,21,453.13,11.5,Credit Card,19.0,1.9,8421.42
11819,2023-08-30 00:00:00,Food,Product_657,South,Agent_15,18,46.1,17.7,Credit Card,40.0,,682.93
11820,2023-08-30 08:00:00,Sports,Product_649,East,Agent_04,33,99.57,21.6,Cash,61.0,4.2,2576.08
11821,2023-08-30 16:00:00,Food,Product_241,South,Agent_02,8,223.17,7.2,Cash,69.0,4.1,1656.81
11822,2023-08-31 00:00:00,Clothing,Product_711,Central,Agent_07,49,294.45,5.0,Credit Card,63.0,2.5,13706.65
11823,2023-08-31 08:00:00,Toys,Product_600,North,Agent_13,17,409.03,29.2,PayPal,36.0,,4923.09
11824,2023-08-31 16:00:00,Toys,Product_939,West,Agent_15,43,494.19,18.5,Bank Transfer,41.0,,17318.89
11825,2023-09-01 00:00:00,Books,Product_801,North,Agent_09,31,197.48,29.4,Debit Card,,2.6,4322.05
11826,2023-09-01 08:00:00,Toys,Product_646,West,Agent_07,34,28.47,10.1,Bank Transfer,64.0,4.3,870.21
11827,2023-09-01 16:00:00,Toys,Product_758,Central,Agent_12,6,401.58,21.1,Debit Card,44.0,3.9,1901.08
11828,2023-09-02 00:00:00,Electronics,Product_641,Central,Agent_06,22,304.17,6.7,Debit Card,69.0,4.0,6243.39
11829,2023-09-02 08:00:00,Books,Product_945,North,Agent_15,14,103.28,7.8,Credit Card,41.0,1.8,1333.14
11830,2023-09-02 16:00:00,Sports,Product_606,West,Agent_10,3,249.94,15.4,Debit Card,34.0,2.9,634.35
11831,2023-09-03 00:00:00,Home,Product_695,Central,Agent_01,12,372.44,9.6,Credit Card,42.0,4.4,4040.23
11832,2023-09-03 08:00:00,Electronics,Product_980,South,Agent_11,36,386.35,5.0,Cash,63.0,3.0,13213.17
11833,2023-09-03 16:00:00,Sports,Product_380,South,Agent_10,12,252.31,7.9,PayPal,72.0,3.7,2788.53
11834,2023-09-04 00:00:00,Clothing,Product_523,West,Agent_09,45,156.08,1.1,Debit Card,48.0,3.4,6946.34
11835,2023-09-04 08:00:00,Electronics,Product_955,North,Agent_05,2,487.0,21.1,PayPal,45.0,4.4,768.49
11836,2023-09-04 16:00:00,Sports,Product_369,Central,Agent_11,2,333.36,,Credit Card,,2.1,568.05
11837,2023-09-05 00:00:00,Clothing,Product_253,North,Agent_05,15,207.08,,Debit Card,45.0,3.3,3019.23
11838,2023-09-05 08:00:00,Books,Product_713,South,Agent_06,23,143.83,5.2,Bank Transfer,39.0,1.5,3136.07
11839,2023-09-05 16:00:00,Home,Product_826,Central,Agent_09,29,366.9,3.1,Cash,73.0,3.8,10310.26
11840,2023-09-06 00:00:00,Clothing,Product_761,North,Agent_13,17,124.88,18.4,Cash,22.0,3.9,1732.34
11841,2023-09-06 08:00:00,Toys,Product_182,East,Agent_08,32,90.0,2.8,Debit Card,71.0,1.2,2799.36
11842,2023-09-06 16:00:00,Food,Product_721,West,Agent_08,7,267.27,,Cash,61.0,3.7,1448.07
11843,2023-09-07 00:00:00,Clothing,Product_998,West,Agent_14,30,148.54,0.6,Bank Transfer,59.0,2.7,4429.46
11844,2023-09-07 08:00:00,Clothing,Product_525,East,Agent_08,28,316.31,7.5,PayPal,25.0,1.5,8192.43
11845,2023-09-07 16:00:00,Home,Product_374,South,Agent_01,14,63.38,26.7,Bank Transfer,55.0,2.7,650.41
11846,2023-09-08 00:00:00,Food,Product_812,,Agent_01,44,329.2,21.6,Cash,45.0,1.8,11356.08
11847,2023-09-08 08:00:00,Toys,Product_383,West,Agent_08,30,145.23,2.2,PayPal,74.0,2.7,4261.05
11848,2023-09-08 16:00:00,Sports,Product_272,,Agent_05,17,5.12,24.6,Bank Transfer,,2.5,65.63
11849,2023-09-09 00:00:00,Sports,Product_426,East,Agent_09,32,67.83,14.8,Credit Card,29.0,4.0,1849.32
11850,2023-09-09 08:00:00,Clothing,Product_817,South,Agent_02,46,467.14,25.4,Credit Card,74.0,4.1,16030.38
11851,2023-09-09 16:00:00,Food,Product_162,South,Agent_09,6,434.34,18.0,PayPal,42.0,3.4,2136.95
11852,2023-09-10 00:00:00,Food,Product_172,North,Agent_12,24,120.64,20.5,PayPal,,1.1,2301.81
11853,2023-09-10 08:00:00,Toys,Product_862,West,Agent_14,6,390.29,29.8,PayPal,61.0,4.7,1643.9
11854,2023-09-10 16:00:00,Home,Product_735,North,Agent_08,27,306.24,7.0,Credit Card,32.0,3.7,7689.69
11855,2023-09-11 00:00:00,Books,Product_474,East,Agent_09,18,485.6,18.7,Bank Transfer,61.0,1.1,7106.27
11856,2023-09-11 08:00:00,Sports,Product_732,Central,Agent_04,24,189.93,,PayPal,58.0,4.3,3929.27
11857,2023-09-11 16:00:00,Home,Product_607,Central,Agent_01,37,342.32,1.2,Credit Card,68.0,1.8,12513.85
11858,2023-09-12 00:00:00,Electronics,Product_886,South,Agent_01,24,36.45,0.4,PayPal,70.0,3.3,871.3
11859,2023-09-12 08:00:00,Sports,Product_497,Central,Agent_05,38,201.14,3.6,PayPal,51.0,2.9,7368.16
11860,2023-09-12 16:00:00,Home,Product_219,Central,Agent_02,34,482.09,19.5,PayPal,62.0,2.7,13194.8
11861,2023-09-13 00:00:00,Sports,Product_536,Central,Agent_14,40,271.8,17.0,Credit Card,30.0,4.6,9023.76
11862,2023-09-13 08:00:00,Books,Product_928,East,Agent_08,47,147.5,16.6,Bank Transfer,25.0,2.7,5781.7
11863,2023-09-13 16:00:00,Electronics,Product_775,Central,Agent_10,15,64.53,1.0,Credit Card,30.0,1.3,958.27
11864,2023-09-14 00:00:00,Books,Product_564,Central,Agent_11,11,353.25,14.1,Credit Card,53.0,4.8,3337.86
11865,2023-09-14 08:00:00,Toys,Product_385,Central,Agent_05,22,324.2,27.7,PayPal,23.0,4.7,5156.73
11866,2023-09-14 16:00:00,Electronics,Product_364,North,Agent_05,24,190.1,11.9,Debit Card,55.0,3.7,4019.47
11867,2023-09-15 00:00:00,Clothing,Product_419,,Agent_02,1,475.72,18.7,Debit Card,49.0,,386.76
11868,2023-09-15 08:00:00,Home,Product_772,,Agent_07,18,15.99,23.4,Debit Card,38.0,1.4,220.47
11869,2023-09-15 16:00:00,Electronics,Product_475,North,Agent_13,44,155.34,23.5,Credit Card,61.0,4.2,5228.74
11870,2023-09-16 00:00:00,Toys,Product_919,West,Agent_08,12,460.93,15.6,PayPal,61.0,1.3,4668.3
11871,2023-09-16 08:00:00,Toys,Product_188,East,Agent_10,43,163.86,25.7,Debit Card,66.0,1.3,5235.16
11872,2023-09-16 16:00:00,Books,Product_753,East,Agent_13,28,129.87,,Cash,24.0,3.1,3210.91
11873,2023-09-17 00:00:00,Sports,Product_302,West,Agent_01,40,269.44,26.7,Cash,43.0,1.6,7899.98
11874,2023-09-17 08:00:00,Electronics,Product_920,West,Agent_02,7,412.78,7.2,Cash,32.0,1.0,2681.42
11875,2023-09-17 16:00:00,Home,Product_838,West,Agent_10,23,56.06,8.4,Bank Transfer,73.0,2.7,1181.07
11876,2023-09-18 00:00:00,Electronics,Product_433,South,Agent_04,21,471.8,1.6,PayPal,66.0,1.5,9749.28
11877,2023-09-18 08:00:00,Food,Product_321,Central,Agent_05,34,398.56,23.9,Credit Card,59.0,1.6,10312.34
11878,2023-09-18 16:00:00,Sports,Product_140,East,Agent_13,11,94.72,12.5,Credit Card,40.0,1.3,911.68
11879,2023-09-19 00:00:00,Home,Product_807,Central,Agent_02,22,357.44,6.9,PayPal,69.0,1.8,7321.09
11880,2023-09-19 08:00:00,Home,Product_167,Central,Agent_01,42,195.55,7.0,Bank Transfer,55.0,3.9,7638.18
11881,2023-09-19 16:00:00,Clothing,Product_875,West,Agent_09,35,204.14,27.0,PayPal,58.0,4.2,5215.78
11882,2023-09-20 00:00:00,Books,Product_613,South,Agent_14,29,392.73,25.0,Bank Transfer,32.0,,8541.88
11883,2023-09-20 08:00:00,Clothing,Product_972,North,Agent_01,42,481.58,16.6,Debit Card,65.0,3.0,16868.78
11884,2023-09-20 16:00:00,Home,Product_736,South,Agent_13,28,67.69,,Debit Card,70.0,1.1,1544.69
11885,2023-09-21 00:00:00,Sports,Product_721,Central,Agent_15,18,213.21,14.2,Bank Transfer,57.0,1.3,3292.82
11886,2023-09-21 08:00:00,Electronics,Product_697,South,Agent_04,14,243.07,11.7,PayPal,33.0,,3004.83
11887,2023-09-21 16:00:00,Electronics,Product_731,West,Agent_02,18,191.27,27.5,Debit Card,49.0,3.2,2496.07
11888,2023-09-22 00:00:00,Sports,Product_226,North,Agent_11,28,184.78,3.8,PayPal,54.0,4.0,4977.23
11889,2023-09-22 08:00:00,Home,Product_354,West,Agent_04,24,30.87,12.6,Debit Card,35.0,3.4,647.53
11890,2023-09-22 16:00:00,Toys,Product_794,,Agent_08,8,344.34,10.3,PayPal,37.0,2.6,2470.98
11891,2023-09-23 00:00:00,Electronics,Product_115,Central,Agent_08,42,220.93,14.9,PayPal,63.0,1.5,7896.48
11892,2023-09-23 08:00:00,Toys,Product_576,North,Agent_15,45,101.42,13.7,Cash,19.0,,3938.65
11893,2023-09-23 16:00:00,Electronics,Product_161,North,Agent_11,8,408.94,15.6,Bank Transfer,72.0,2.5,2761.16
11894,2023-09-24 00:00:00,Electronics,Product_980,North,Agent_12,4,402.27,4.2,Credit Card,40.0,,1541.5
11895,2023-09-24 08:00:00,Books,Product_531,,Agent_09,27,245.76,15.4,Bank Transfer,47.0,3.1,5613.65
11896,2023-09-24 16:00:00,Books,Product_769,South,Agent_13,36,152.73,7.3,PayPal,20.0,4.0,5096.91
11897,2023-09-25 00:00:00,Food,Product_367,Central,Agent_15,5,320.86,5.5,PayPal,63.0,4.6,1516.06
11898,2023-09-25 08:00:00,Clothing,Product_134,North,Agent_11,33,147.64,1.9,Bank Transfer,56.0,4.7,4779.55
11899,2023-09-25 16:00:00,Sports,Product_878,East,Agent_15,49,121.82,22.9,PayPal,64.0,3.1,4602.24
11900,2023-09-26 00:00:00,Sports,Product_675,Central,Agent_12,34,366.6,12.8,Debit Card,66.0,3.0,10868.96
11901,2023-09-26 08:00:00,Sports,Product_593,,Agent_05,30,24.96,18.8,PayPal,18.0,2.1,608.03
11902,2023-09-26 16:00:00,Food,Product_661,North,Agent_07,8,51.91,21.8,Bank Transfer,58.0,,324.75
11903,2023-09-27 00:00:00,Books,Product_568,South,Agent_03,39,8.36,20.4,Bank Transfer,39.0,2.8,259.53
11904,2023-09-27 08:00:00,Home,Product_866,Central,Agent_10,47,80.71,14.1,Bank Transfer,46.0,1.5,3258.5
11905,2023-09-27 16:00:00,Toys,Product_760,North,Agent_04,26,39.15,11.6,Cash,31.0,2.7,899.82
11906,2023-09-28 00:00:00,Toys,Product_424,North,Agent_10,37,497.92,11.3,Cash,65.0,1.5,16341.24
11907,2023-09-28 08:00:00,Home,Product_403,Central,Agent_09,34,147.96,19.2,Cash,45.0,3.0,4064.76
11908,2023-09-28 16:00:00,Food,Product_375,East,Agent_10,7,78.89,14.8,Cash,38.0,3.2,470.5
11909,2023-09-29 00:00:00,Home,Product_968,Central,Agent_10,40,124.29,25.5,Cash,62.0,2.4,3703.84
11910,2023-09-29 08:00:00,Sports,Product_783,Central,Agent_14,28,468.38,26.2,Cash,49.0,1.3,9678.6
11911,2023-09-29 16:00:00,Clothing,Product_300,East,Agent_12,39,262.48,5.1,Cash,23.0,4.8,9714.65
11912,2023-09-30 00:00:00,Electronics,Product_544,Central,Agent_01,39,185.58,4.1,Bank Transfer,71.0,,6940.88
11913,2023-09-30 08:00:00,Toys,Product_423,North,Agent_02,28,437.33,18.9,Credit Card,18.0,4.4,9930.89
11914,2023-09-30 16:00:00,Books,Product_134,Central,Agent_05,14,200.52,9.0,Cash,38.0,2.5,2554.62
11915,2023-10-01 00:00:00,Books,Product_581,East,Agent_03,38,170.83,0.6,Bank Transfer,74.0,4.0,6452.59
11916,2023-10-01 08:00:00,Food,Product_827,,Agent_02,4,107.6,26.7,Credit Card,21.0,2.9,315.48
11917,2023-10-01 16:00:00,Books,Product_579,Central,Agent_01,42,192.01,6.8,Cash,,1.8,7516.04
11918,2023-10-02 00:00:00,Sports,Product_164,South,Agent_10,18,161.76,27.9,Credit Card,66.0,1.5,2099.32
11919,2023-10-02 08:00:00,Toys,Product_107,North,Agent_03,44,340.27,21.5,Credit Card,47.0,2.4,11752.93
11920,2023-10-02 16:00:00,Home,Product_400,North,Agent_01,48,148.34,22.9,Debit Card,48.0,1.6,5489.77
11921,2023-10-03 00:00:00,Sports,Product_442,South,Agent_12,25,290.71,6.0,PayPal,51.0,5.0,6831.68
11922,2023-10-03 08:00:00,Food,Product_530,South,Agent_01,7,37.62,7.0,Debit Card,36.0,1.2,244.91
11923,2023-10-03 16:00:00,Sports,Product_523,Central,Agent_12,38,99.69,15.6,Credit Card,,2.8,3197.26
11924,2023-10-04 00:00:00,Home,Product_431,South,Agent_01,28,206.67,,Bank Transfer,40.0,2.8,5485.85
11925,2023-10-04 08:00:00,Clothing,Product_537,West,Agent_08,5,468.79,9.2,Cash,71.0,2.2,2128.31
11926,2023-10-04 16:00:00,Food,Product_687,East,Agent_15,3,191.74,9.6,PayPal,57.0,3.3,520.0
11927,2023-10-05 00:00:00,Clothing,Product_273,South,Agent_03,44,333.72,4.8,Cash,42.0,1.6,13978.86
11928,2023-10-05 08:00:00,Electronics,Product_658,,Agent_11,31,131.27,6.2,Bank Transfer,32.0,4.1,3817.07
11929,2023-10-05 16:00:00,Clothing,Product_626,West,Agent_01,47,67.88,,PayPal,55.0,2.3,2434.24
11930,2023-10-06 00:00:00,Electronics,Product_972,North,Agent_07,42,33.98,5.0,Debit Card,40.0,3.4,1355.8
11931,2023-10-06 08:00:00,Electronics,Product_758,North,Agent_10,20,156.18,0.9,Credit Card,69.0,3.9,3095.49
11932,2023-10-06 16:00:00,Clothing,Product_125,Central,Agent_03,19,83.04,18.9,Bank Transfer,19.0,4.6,1279.56
11933,2023-10-07 00:00:00,Food,Product_919,,Agent_08,48,91.14,29.3,Credit Card,74.0,4.3,3092.93
11934,2023-10-07 08:00:00,Home,Product_704,East,Agent_04,11,381.58,9.9,Credit Card,74.0,3.4,3781.84
11935,2023-10-07 16:00:00,Sports,Product_505,East,Agent_04,40,12.84,3.6,Cash,32.0,2.6,495.11
11936,2023-10-08 00:00:00,Sports,Product_331,West,Agent_05,3,281.12,17.1,Bank Transfer,69.0,3.0,699.15
11937,2023-10-08 08:00:00,Home,Product_632,East,Agent_06,23,192.83,27.2,Credit Card,61.0,4.1,3228.75
11938,2023-10-08 16:00:00,Toys,Product_918,North,Agent_07,7,255.74,23.5,Debit Card,52.0,4.5,1369.49
11939,2023-10-09 00:00:00,Toys,Product_649,East,Agent_14,23,283.6,,PayPal,27.0,1.4,5303.04
11940,2023-10-09 08:00:00,Electronics,Product_887,East,Agent_14,7,160.12,9.5,Bank Transfer,31.0,2.5,1014.36
11941,2023-10-09 16:00:00,Electronics,Product_604,West,Agent_04,46,151.08,16.3,Cash,44.0,4.1,5816.88
11942,2023-10-10 00:00:00,Food,Product_768,West,Agent_08,34,368.03,2.7,Bank Transfer,71.0,2.7,12175.17
11943,2023-10-10 08:00:00,Books,Product_278,East,Agent_13,42,436.28,20.4,Cash,31.0,2.3,14585.71
11944,2023-10-10 16:00:00,Clothing,Product_231,,Agent_06,19,100.33,21.8,PayPal,52.0,2.6,1490.7
11945,2023-10-11 00:00:00,Electronics,Product_922,West,Agent_14,9,53.32,29.0,Debit Card,50.0,3.4,340.71
11946,2023-10-11 08:00:00,Sports,Product_554,Central,Agent_01,48,449.41,7.8,Credit Card,,5.0,19889.09
11947,2023-10-11 16:00:00,Food,Product_447,,Agent_01,18,178.2,0.6,Bank Transfer,18.0,3.0,3188.35
11948,2023-10-12 00:00:00,Clothing,Product_639,North,Agent_09,41,277.9,16.4,Cash,51.0,1.8,9525.3
11949,2023-10-12 08:00:00,Food,Product_871,East,Agent_10,48,182.97,21.2,PayPal,36.0,,6920.66
11950,2023-10-12 16:00:00,Clothing,Product_505,South,Agent_06,45,67.27,23.7,Credit Card,41.0,1.2,2309.72
11951,2023-10-13 00:00:00,Clothing,Product_175,North,Agent_10,42,296.72,5.8,PayPal,59.0,3.2,11739.43
11952,2023-10-13 08:00:00,Home,Product_678,East,Agent_08,25,264.94,7.9,Debit Card,21.0,3.2,6100.24
11953,2023-10-13 16:00:00,Electronics,Product_953,West,Agent_13,14,105.48,15.4,Credit Card,53.0,1.8,1249.31
11954,2023-10-14 00:00:00,Food,Product_591,Central,Agent_07,44,228.68,9.9,Credit Card,30.0,3.8,9065.79
11955,2023-10-14 08:00:00,Food,Product_293,South,Agent_12,25,399.49,25.8,Credit Card,,4.0,7410.54
11956,2023-10-14 16:00:00,Home,Product_261,Central,Agent_06,19,297.26,14.2,Cash,26.0,2.0,4845.93
11957,2023-10-15 00:00:00,Sports,Product_446,West,Agent_04,39,52.97,24.0,Credit Card,56.0,2.4,1570.03
11958,2023-10-15 08:00:00,Sports,Product_460,East,Agent_07,15,276.27,17.4,PayPal,33.0,5.0,3422.99
11959,2023-10-15 16:00:00,Toys,Product_868,West,Agent_09,16,352.86,,Cash,67.0,,4335.94
11960,2023-10-16 00:00:00,Electronics,Product_683,West,Agent_14,27,397.39,10.0,Credit Card,20.0,4.0,9656.58
11961,2023-10-16 08:00:00,Electronics,Product_186,Central,Agent_11,40,316.41,24.9,PayPal,69.0,2.8,9504.96
11962,2023-10-16 16:00:00,Books,Product_361,South,Agent_10,10,80.57,8.2,PayPal,37.0,4.2,739.63
11963,2023-10-17 00:00:00,Home,Product_313,West,Agent_10,4,356.54,16.4,Bank Transfer,27.0,4.1,1192.27
11964,2023-10-17 08:00:00,Sports,Product_764,Central,Agent_14,19,340.28,6.4,PayPal,,3.7,6051.54
11965,2023-10-17 16:00:00,Clothing,Product_821,South,Agent_07,28,17.09,14.3,Debit Card,39.0,4.4,410.09
11966,2023-10-18 00:00:00,FOOD,Product_672,East,Agent_01,21,208.82,9.5,Credit Card,65.0,4.8,3968.62
11967,2023-10-18 08:00:00,Electronics,Product_879,East,Agent_10,47,169.81,,Credit Card,20.0,3.3,7342.58
11968,2023-10-18 16:00:00,Food,Product_361,North,Agent_09,14,336.36,29.0,Credit Card,28.0,,3343.42
11969,2023-10-19 00:00:00,Food,Product_829,Central,Agent_13,33,111.99,4.8,PayPal,42.0,2.6,3518.28
11970,2023-10-19 08:00:00,Books,Product_382,South,Agent_04,48,297.48,23.6,PayPal,59.0,4.0,10909.19
11971,2023-10-19 16:00:00,Sports,Product_747,West,Agent_15,10,457.04,29.5,Credit Card,65.0,3.6,3222.13
11972,2023-10-20 00:00:00,Electronics,Product_566,East,Agent_03,19,399.91,0.6,Cash,25.0,1.7,7552.7
11973,2023-10-20 08:00:00,Food,Product_479,South,Agent_04,30,461.12,21.0,Cash,26.0,1.2,10928.54
11974,2023-10-20 16:00:00,Electronics,Product_461,Central,Agent_04,22,489.36,7.6,Debit Card,32.0,3.7,9947.71
11975,2023-10-21 00:00:00,Clothing,Product_548,,Agent_13,3,10.28,1.2,Bank Transfer,49.0,2.0,30.47
11976,2023-10-21 08:00:00,Books,Product_540,,Agent_10,37,313.26,,Debit Card,70.0,3.0,10188.15
11977,2023-10-21 16:00:00,Clothing,Product_192,South,Agent_11,41,209.36,28.1,Credit Card,20.0,4.0,6171.72
11978,2023-10-22 00:00:00,Electronics,Product_720,South,Agent_02,18,430.63,0.4,Credit Card,21.0,3.3,7720.33
11979,2023-10-22 08:00:00,Toys,Product_852,South,Agent_14,11,129.65,17.6,Credit Card,47.0,1.3,1175.15
11980,2023-10-22 16:00:00,Electronics,Product_966,Central,Agent_12,48,490.61,15.0,Bank Transfer,30.0,1.7,20016.89
11981,2023-10-23 00:00:00,Sports,Product_523,Central,Agent_14,2,308.79,26.2,PayPal,61.0,1.9,455.77
11982,2023-10-23 08:00:00,Food,Product_241,Central,Agent_01,12,397.8,2.5,Bank Transfer,38.0,2.0,4654.26
11983,2023-10-23 16:00:00,Food,Product_390,West,Agent_12,6,47.37,20.4,Debit Card,58.0,3.3,226.24
11984,2023-10-24 00:00:00,Clothing,Product_531,South,Agent_10,43,95.81,20.4,PayPal,74.0,3.0,3279.38
11985,2023-10-24 08:00:00,Books,Product_848,East,Agent_12,40,380.41,20.1,PayPal,63.0,,12157.9
11986,2023-10-24 16:00:00,Toys,Product_951,Central,Agent_01,44,15.88,,Debit Card,36.0,1.3,500.98
11987,2023-10-25 00:00:00,Home,Product_923,Central,Agent_13,29,409.35,24.7,PayPal,56.0,1.7,8938.98
11988,2023-10-25 08:00:00,Food,Product_788,,Agent_14,30,11.9,1.3,Cash,65.0,4.9,352.36
11989,2023-10-25 16:00:00,Sports,Product_752,Central,Agent_08,2,330.27,14.1,Debit Card,39.0,2.9,567.4
11990,2023-10-26 00:00:00,Clothing,Product_800,West,Agent_14,9,185.72,11.9,Debit Card,37.0,4.5,1472.57
11991,2023-10-26 08:00:00,Clothing,Product_148,West,Agent_02,47,307.69,9.3,Cash,,4.4,13116.52
11992,2023-10-26 16:00:00,Home,Product_401,Central,Agent_12,2,349.54,13.5,Bank Transfer,48.0,3.0,604.7
11993,2023-10-27 00:00:00,Sports,Product_980,South,Agent_10,29,174.53,11.5,Bank Transfer,,3.8,4479.31
11994,2023-10-27 08:00:00,Books,Product_289,South,Agent_05,33,58.44,13.0,Bank Transfer,35.0,1.8,1677.81
11995,2023-10-27 16:00:00,Sports,Product_235,South,Agent_12,10,39.47,29.4,PayPal,60.0,3.8,278.66
11996,2023-10-28 00:00:00,Books,Product_654,North,Agent_04,34,296.52,2.7,Cash,56.0,2.1,9809.47
11997,2023-10-28 08:00:00,Sports,Product_503,Central,Agent_08,44,262.72,27.7,Debit Card,63.0,4.3,8357.65
11998,2023-10-28 16:00:00,Sports,Product_991,South,Agent_02,8,372.39,14.4,Debit Card,37.0,1.3,2550.13
11999,2023-10-29 00:00:00,Electronics,Product_964,West,Agent_10,37,257.32,18.7,Debit Card,35.0,4.1,7740.44
12000,2023-10-29 08:00:00,Clothing,Product_701,East,Agent_09,33,214.11,24.9,PayPal,28.0,1.4,5306.29
10675,2022-08-13 16:00:00,Toys,Product_189,South,Agent_10,12,226.15,0.2,Bank Transfer,52.0,1.5,2708.37
11700,2023-07-21 08:00:00,Food,Product_769,West,Agent_07,6,379.95,24.9,Credit Card,72.0,4.7,1712.05
11283,2023-03-04 08:00:00,Food,Product_129,North,Agent_02,44,369.08,25.0,Cash,26.0,1.7,12179.64
11316,2023-03-15 08:00:00,Food,Product_211,West,Agent_06,30,447.91,11.9,Debit Card,49.0,2.3,11838.26
11211,2023-02-08 08:00:00,Books,Product_282,North,Agent_15,29,301.64,,Cash,25.0,4.9,8485.13
11637,2023-06-30 08:00:00,Sports,Product_890,East,Agent_14,29,6.16,13.5,Cash,37.0,4.2,154.52
10614,2022-07-24 08:00:00,Books,Product_427,West,Agent_06,47,450.88,,Cash,20.0,3.5,15893.52
10448,2022-05-30 00:00:00,Toys,Product_412,North,Agent_01,44,49.38,,PayPal,25.0,2.0,1701.24
11132,2023-01-13 00:00:00,Books,Product_604,Central,Agent_01,1,300.57,15.3,Bank Transfer,71.0,4.5,254.58
10809,2022-09-27 08:00:00,Books,Product_661,Central,Agent_10,7,328.73,12.0,Cash,55.0,5.0,2024.98
11497,2023-05-14 16:00:00,Food,Product_717,South,Agent_11,21,170.44,23.8,Debit Card,57.0,4.8,2727.38
11469,2023-05-05 08:00:00,Electronics,Product_412,South,Agent_13,41,89.78,23.8,Bank Transfer,52.0,,2804.91
11683,2023-07-15 16:00:00,Books,Product_718,North,Agent_11,43,440.05,17.6,Cash,47.0,,15591.85
11150,2023-01-19 00:00:00,Home,Product_535,South,Agent_13,36,158.27,25.3,PayPal,38.0,4.7,4256.2
10443,2022-05-28 08:00:00,Clothing,Product_232,Central,Agent_11,36,387.27,9.4,Debit Card,24.0,4.4,12631.2
11814,2023-08-28 08:00:00,Food,Product_506,West,Agent_14,8,224.44,4.8,PayPal,71.0,1.7,1709.34
10655,2022-08-07 00:00:00,Sports,Product_901,South,Agent_09,14,216.42,5.1,Debit Card,43.0,2.3,2875.36
11265,2023-02-26 08:00:00,BOOKS,Product_706,Central,Agent_02,39,297.5,10.4,Cash,71.0,2.0,10395.84
10859,2022-10-14 00:00:00,Books,Product_971,East,Agent_03,28,434.09,19.8,PayPal,45.0,1.4,9747.93
11483,2023-05-10 00:00:00,ELECTRONICS,Product_824,East,Agent_09,29,308.85,27.8,Credit Card,,2.4,6466.7
10232,2022-03-19 00:00:00,Electronics,Product_828,West,Agent_15,22,343.17,8.6,PayPal,29.0,1.4,6900.46
11822,2023-08-31 00:00:00,Clothing,Product_711,Central,Agent_07,49,294.45,5.0,Credit Card,63.0,2.5,13706.65
11927,2023-10-05 00:00:00,CLOTHING,Product_273,South,Agent_03,44,333.72,4.8,Cash,42.0,1.6,13978.86
10882,2022-10-21 16:00:00,Clothing,Product_213,Central,Agent_03,19,292.58,12.1,Debit Card,31.0,4.7,4886.38
10632,2022-07-30 08:00:00,Sports,Product_913,North,Agent_09,34,244.12,29.6,Cash,42.0,2.4,5843.26
10376,2022-05-06 00:00:00,Food,Product_394,West,Agent_14,42,93.27,17.5,PayPal,39.0,5.0,3231.81
11961,2023-10-16 08:00:00,Electronics,Product_186,Central,Agent_11,40,316.41,24.9,PayPal,69.0,2.8,9504.96
10368,2022-05-03 08:00:00,Books,Product_216,South,Agent_12,32,208.25,13.5,Debit Card,49.0,1.9,5764.36
10559,2022-07-06 00:00:00,Sports,Product_684,South,Agent_15,5,186.49,15.1,PayPal,18.0,4.1,791.65
10276,2022-04-02 16:00:00,Books,Product_971,West,Agent_12,48,9.21,12.4,Credit Card,43.0,3.1,387.26
